id, age, sex, region, income, married, children, car, save_act, current_act, mortgage, pep
ID12101, 48, FEMALE, INNER_CITY, 17546.0, NO, 1, NO, NO, NO, NO, YES
ID12102, 40, MALE, TOWN, 30085.1, YES, 3, YES, NO, YES, YES, NO
ID12103, 51, FEMALE, INNER_CITY, 16575.4, YES, 0, YES, YES, YES, NO, NO
ID12104, 23, FEMALE, TOWN, 20375.4, YES, 3, NO, NO, YES, NO, NO
ID12105, 57, FEMALE, RURAL, 50576.3, YES, 0, NO, YES, NO, NO, NO
ID12106, 57, FEMALE, TOWN, 37869.6, YES, 2, NO, YES, YES, NO, YES
ID12107, 22, MALE, RURAL, 8877.07, NO, 0, NO, NO, YES, NO, YES
ID12108, 58, MALE, TOWN, 24946.6, YES, 0, YES, YES, YES, NO, NO
ID12109, 37, FEMALE, SUBURBAN, 25304.3, YES, 2, YES, NO, NO, NO, NO
ID12110, 54, MALE, TOWN, 24212.1, YES, 2, YES, YES, YES, NO, NO
ID12111, 66, FEMALE, TOWN, 59803.9, YES, 0, NO, YES, YES, NO, NO
ID12112, 52, FEMALE, INNER_CITY, 26658.8, NO, 0, YES, YES, YES, YES, NO
ID12113, 44, FEMALE, TOWN, 15735.8, YES, 1, NO, YES, YES, YES, YES
ID12114, 66, FEMALE, TOWN, 55204.7, YES, 1, YES, YES, YES, YES, YES
ID12115, 36, MALE, RURAL, 19474.6, YES, 0, NO, YES, YES, YES, NO
ID12116, 38, FEMALE, INNER_CITY, 22342.1, YES, 0, YES, YES, YES, YES, NO
ID12117, 37, FEMALE, TOWN, 17729.8, YES, 2, NO, NO, NO, YES, NO
ID12118, 46, FEMALE, SUBURBAN, 41016.0, YES, 0, NO, YES, NO, YES, NO
ID12119, 62, FEMALE, INNER_CITY, 26909.2, YES, 0, NO, YES, NO, NO, YES
ID12120, 31, MALE, TOWN, 22522.8, YES, 0, YES, YES, YES, NO, NO
ID12121, 61, MALE, INNER_CITY, 57880.7, YES, 2, NO, YES, NO, NO, YES
ID12122, 50, MALE, TOWN, 16497.3, YES, 2, NO, YES, YES, NO, NO
ID12123, 54, MALE, INNER_CITY, 38446.6, YES, 0, NO, YES, YES, NO, NO
ID12124, 27, FEMALE, TOWN, 15538.8, NO, 0, YES, YES, YES, YES, NO
ID12125, 22, MALE, INNER_CITY, 12640.3, NO, 2, YES, YES, YES, NO, NO
ID12126, 56, MALE, INNER_CITY, 41034.0, YES, 0, YES, YES, YES, YES, NO
ID12127, 45, MALE, INNER_CITY, 20809.7, YES, 0, NO, YES, YES, YES, NO
ID12128, 39, FEMALE, TOWN, 20114.0, YES, 1, NO, NO, YES, NO, YES
ID12129, 39, FEMALE, INNER_CITY, 29359.1, NO, 3, YES, NO, YES, YES, NO
ID12130, 61, MALE, RURAL, 24270.1, YES, 1, NO, NO, YES, NO, YES
ID12131, 61, FEMALE, RURAL, 22942.9, YES, 2, NO, YES, YES, NO, NO
ID12132, 20, FEMALE, TOWN, 16325.8, YES, 2, NO, YES, NO, NO, NO
ID12133, 45, MALE, SUBURBAN, 23443.2, YES, 1, YES, YES, YES, NO, YES
ID12134, 33, FEMALE, INNER_CITY, 29921.3, NO, 3, YES, YES, NO, NO, NO
ID12135, 43, MALE, SUBURBAN, 37521.9, NO, 0, NO, YES, YES, NO, YES
ID12136, 27, FEMALE, INNER_CITY, 19868.0, YES, 2, NO, YES, YES, NO, NO
ID12137, 19, MALE, RURAL, 10953.0, YES, 3, YES, YES, YES, NO, NO
ID12138, 36, FEMALE, RURAL, 13381.0, NO, 0, YES, NO, YES, NO, YES
ID12139, 43, FEMALE, TOWN, 18504.3, YES, 0, YES, YES, YES, NO, NO
ID12140, 66, FEMALE, SUBURBAN, 25391.5, NO, 2, NO, NO, YES, NO, NO
ID12141, 55, MALE, TOWN, 26774.2, YES, 0, NO, NO, YES, YES, YES
ID12142, 47, FEMALE, INNER_CITY, 26952.6, YES, 0, YES, NO, YES, NO, NO
ID12143, 67, MALE, TOWN, 55716.5, NO, 2, YES, YES, NO, NO, YES
ID12144, 32, FEMALE, TOWN, 27571.5, YES, 0, YES, NO, YES, YES, NO
ID12145, 20, MALE, INNER_CITY, 13740.0, NO, 2, YES, YES, YES, YES, NO
ID12146, 64, MALE, INNER_CITY, 52670.6, YES, 2, NO, YES, YES, YES, YES
ID12147, 50, FEMALE, INNER_CITY, 13283.9, NO, 1, YES, YES, YES, NO, YES
ID12148, 29, MALE, INNER_CITY, 13106.6, NO, 2, NO, YES, YES, YES, YES
ID12149, 52, MALE, INNER_CITY, 39547.8, NO, 2, YES, NO, YES, NO, YES
ID12150, 47, FEMALE, RURAL, 17867.3, YES, 2, YES, YES, NO, NO, NO
ID12151, 24, MALE, TOWN, 14309.7, NO, 2, YES, YES, NO, NO, NO
ID12152, 36, MALE, TOWN, 23894.8, YES, 0, NO, NO, NO, NO, NO
ID12153, 43, MALE, TOWN, 16259.7, YES, 1, NO, YES, YES, NO, YES
ID12154, 48, MALE, SUBURBAN, 29794.1, NO, 1, NO, YES, YES, NO, YES
ID12155, 63, MALE, TOWN, 56842.5, YES, 0, NO, YES, YES, YES, NO
ID12156, 52, FEMALE, RURAL, 47835.8, NO, 3, NO, YES, NO, NO, YES
ID12157, 58, FEMALE, INNER_CITY, 24977.5, NO, 0, NO, NO, YES, NO, YES
ID12158, 28, MALE, INNER_CITY, 23124.9, YES, 0, NO, YES, YES, NO, YES
ID12159, 29, FEMALE, INNER_CITY, 15143.8, YES, 0, NO, NO, YES, NO, NO
ID12160, 34, MALE, INNER_CITY, 25334.3, NO, 1, YES, YES, YES, YES, YES
ID12161, 42, FEMALE, INNER_CITY, 24763.3, YES, 1, NO, YES, YES, YES, YES
ID12162, 65, FEMALE, INNER_CITY, 36589.0, NO, 1, YES, NO, YES, NO, YES
ID12163, 47, MALE, INNER_CITY, 27022.6, YES, 2, NO, YES, YES, NO, NO
ID12164, 20, MALE, INNER_CITY, 11700.4, YES, 0, NO, YES, NO, NO, NO
ID12165, 21, MALE, TOWN, 5014.21, NO, 0, YES, YES, YES, YES, NO
ID12166, 42, MALE, INNER_CITY, 17390.1, YES, 0, NO, YES, YES, NO, NO
ID12167, 19, MALE, TOWN, 10861.0, NO, 2, NO, YES, YES, NO, NO
ID12168, 41, FEMALE, TOWN, 34892.9, NO, 0, NO, YES, YES, YES, NO
ID12169, 30, MALE, TOWN, 19403.1, NO, 2, NO, YES, YES, NO, NO
ID12170, 31, FEMALE, RURAL, 10441.9, YES, 2, NO, NO, YES, NO, YES
ID12171, 25, MALE, INNER_CITY, 14064.9, YES, 3, YES, YES, YES, NO, NO
ID12172, 21, MALE, INNER_CITY, 8062.3, NO, 0, NO, NO, YES, NO, YES
ID12173, 36, MALE, INNER_CITY, 31982.0, YES, 3, YES, YES, YES, YES, YES
ID12174, 58, FEMALE, INNER_CITY, 23197.5, YES, 2, NO, YES, NO, YES, NO
ID12175, 64, FEMALE, INNER_CITY, 52674.0, NO, 2, YES, YES, YES, NO, YES
ID12176, 59, FEMALE, RURAL, 35610.5, NO, 2, YES, NO, NO, NO, YES
ID12177, 45, FEMALE, TOWN, 26948.0, NO, 0, NO, YES, YES, YES, NO
ID12178, 61, MALE, INNER_CITY, 49456.7, YES, 1, YES, YES, YES, YES, YES
ID12179, 30, FEMALE, INNER_CITY, 14724.5, YES, 0, YES, NO, YES, NO, NO
ID12180, 58, FEMALE, TOWN, 34524.9, YES, 2, YES, YES, NO, NO, YES
ID12181, 50, FEMALE, TOWN, 22052.1, NO, 3, NO, YES, YES, NO, YES
ID12182, 30, MALE, INNER_CITY, 27808.1, NO, 3, NO, NO, YES, NO, NO
ID12183, 29, FEMALE, INNER_CITY, 12591.4, YES, 1, NO, YES, YES, NO, NO
ID12184, 35, MALE, INNER_CITY, 16394.4, YES, 1, NO, YES, YES, NO, YES
ID12185, 62, MALE, INNER_CITY, 24026.1, YES, 0, NO, NO, YES, YES, YES
ID12186, 36, MALE, INNER_CITY, 31683.1, YES, 1, YES, YES, YES, NO, YES
ID12187, 25, FEMALE, INNER_CITY, 15525.0, YES, 0, NO, YES, YES, NO, NO
ID12188, 66, FEMALE, TOWN, 22562.2, NO, 0, YES, YES, YES, YES, NO
ID12189, 30, MALE, SUBURBAN, 15848.7, YES, 0, YES, YES, NO, YES, NO
ID12190, 54, FEMALE, INNER_CITY, 31095.6, YES, 2, NO, NO, YES, NO, YES
ID12191, 37, MALE, TOWN, 24814.5, YES, 1, YES, NO, YES, YES, YES
ID12192, 28, FEMALE, INNER_CITY, 25429.3, NO, 2, NO, YES, YES, YES, NO
ID12193, 53, FEMALE, RURAL, 34866.5, NO, 0, NO, NO, YES, NO, YES
ID12194, 61, MALE, INNER_CITY, 42579.1, YES, 2, YES, YES, YES, NO, NO
ID12195, 61, FEMALE, INNER_CITY, 41127.4, YES, 0, YES, YES, NO, NO, NO
ID12196, 18, FEMALE, INNER_CITY, 9990.11, YES, 0, NO, YES, YES, NO, NO
ID12197, 22, MALE, INNER_CITY, 7948.62, YES, 1, NO, NO, NO, YES, NO
ID12198, 34, MALE, TOWN, 30870.8, YES, 2, YES, YES, YES, YES, YES
ID12199, 35, FEMALE, INNER_CITY, 12125.8, NO, 2, NO, YES, YES, NO, NO
ID12200, 18, FEMALE, RURAL, 15348.9, YES, 0, YES, NO, YES, NO, NO
ID12201, 54, MALE, INNER_CITY, 26707.9, YES, 1, NO, YES, YES, YES, YES
ID12202, 27, FEMALE, INNER_CITY, 11604.4, YES, 2, YES, YES, YES, NO, NO
ID12203, 42, MALE, INNER_CITY, 15499.9, YES, 0, YES, NO, YES, YES, YES
ID12204, 43, MALE, TOWN, 33088.5, NO, 0, NO, YES, YES, YES, NO
ID12205, 64, FEMALE, INNER_CITY, 34513.6, YES, 1, NO, YES, YES, NO, YES
ID12206, 43, MALE, TOWN, 32395.5, YES, 3, YES, YES, YES, NO, NO
ID12207, 49, MALE, RURAL, 46633.0, YES, 0, YES, YES, NO, NO, NO
ID12208, 23, MALE, INNER_CITY, 13039.9, YES, 0, NO, NO, YES, NO, NO
ID12209, 23, MALE, INNER_CITY, 12681.9, NO, 0, NO, YES, YES, NO, YES
ID12210, 30, FEMALE, INNER_CITY, 24031.5, YES, 2, YES, YES, YES, YES, NO
ID12211, 36, MALE, TOWN, 37330.5, NO, 2, NO, YES, YES, NO, YES
ID12212, 34, MALE, INNER_CITY, 25333.2, YES, 3, YES, NO, NO, YES, NO
ID12213, 51, FEMALE, INNER_CITY, 37094.2, YES, 0, YES, NO, YES, NO, NO
ID12214, 36, MALE, TOWN, 33630.6, NO, 2, YES, YES, YES, NO, YES
ID12215, 56, MALE, INNER_CITY, 43228.2, YES, 1, YES, YES, YES, NO, YES
ID12216, 54, FEMALE, INNER_CITY, 47796.8, YES, 0, NO, YES, YES, NO, NO
ID12217, 56, FEMALE, TOWN, 21730.3, YES, 2, NO, YES, NO, NO, NO
ID12218, 26, MALE, INNER_CITY, 10044.1, YES, 3, NO, YES, YES, YES, NO
ID12219, 39, MALE, TOWN, 17270.1, NO, 0, YES, NO, NO, NO, YES
ID12220, 64, FEMALE, RURAL, 45765.0, YES, 3, YES, YES, YES, NO, YES
ID12221, 46, MALE, RURAL, 29525.5, NO, 2, NO, YES, NO, YES, NO
ID12222, 62, FEMALE, RURAL, 54863.8, YES, 1, YES, YES, YES, NO, YES
ID12223, 36, FEMALE, TOWN, 20799.0, YES, 1, NO, YES, NO, YES, YES
ID12224, 35, FEMALE, RURAL, 33028.3, NO, 1, NO, YES, YES, NO, YES
ID12225, 47, MALE, RURAL, 45031.9, NO, 3, YES, YES, NO, NO, YES
ID12226, 47, MALE, INNER_CITY, 39010.8, YES, 2, NO, NO, YES, NO, YES
ID12227, 37, FEMALE, TOWN, 25257.7, YES, 0, YES, YES, YES, NO, NO
ID12228, 48, FEMALE, INNER_CITY, 42603.9, YES, 0, NO, YES, YES, NO, NO
ID12229, 41, MALE, TOWN, 14092.7, YES, 3, YES, YES, YES, NO, NO
ID12230, 27, FEMALE, RURAL, 21350.3, NO, 0, YES, YES, YES, NO, YES
ID12231, 43, MALE, INNER_CITY, 23246.4, NO, 2, NO, NO, YES, NO, NO
ID12232, 61, MALE, RURAL, 41609.5, YES, 3, NO, YES, YES, YES, NO
ID12233, 52, FEMALE, SUBURBAN, 16716.1, NO, 2, YES, YES, YES, NO, NO
ID12234, 64, FEMALE, SUBURBAN, 36436.4, YES, 0, YES, NO, YES, NO, NO
ID12235, 66, FEMALE, TOWN, 59503.8, YES, 2, YES, YES, YES, YES, YES
ID12236, 53, FEMALE, TOWN, 31334.8, YES, 1, YES, YES, YES, NO, YES
ID12237, 20, FEMALE, INNER_CITY, 14048.9, YES, 2, YES, NO, YES, YES, NO
ID12238, 57, FEMALE, INNER_CITY, 39205.3, NO, 0, NO, YES, YES, NO, YES
ID12239, 65, FEMALE, RURAL, 42173.9, YES, 0, NO, YES, YES, NO, NO
ID12240, 64, FEMALE, INNER_CITY, 55263.0, NO, 1, NO, YES, YES, NO, YES
ID12241, 52, MALE, INNER_CITY, 37095.2, YES, 3, NO, YES, YES, NO, NO
ID12242, 47, FEMALE, INNER_CITY, 22791.4, YES, 0, NO, NO, YES, NO, NO
ID12243, 28, FEMALE, TOWN, 17240.6, YES, 1, YES, NO, NO, YES, NO
ID12244, 64, MALE, TOWN, 48974.8, YES, 0, YES, YES, YES, YES, NO
ID12245, 25, MALE, INNER_CITY, 18923.0, YES, 1, NO, YES, YES, NO, YES
ID12246, 58, MALE, SUBURBAN, 51204.2, YES, 0, NO, YES, NO, YES, YES
ID12247, 34, MALE, TOWN, 20236.2, YES, 2, YES, NO, YES, NO, NO
ID12248, 20, FEMALE, INNER_CITY, 18860.3, NO, 2, NO, YES, YES, NO, NO
ID12249, 63, MALE, RURAL, 25732.5, YES, 0, YES, YES, NO, NO, NO
ID12250, 30, FEMALE, SUBURBAN, 28240.4, YES, 3, YES, YES, YES, NO, NO
ID12251, 53, MALE, RURAL, 28193.6, YES, 1, YES, YES, YES, NO, YES
ID12252, 43, MALE, TOWN, 36432.8, NO, 2, YES, NO, YES, NO, YES
ID12253, 63, MALE, TOWN, 54618.8, YES, 2, NO, YES, NO, YES, YES
ID12254, 33, MALE, INNER_CITY, 24760.8, YES, 1, NO, YES, YES, YES, YES
ID12255, 41, MALE, RURAL, 23356.1, NO, 2, YES, NO, NO, NO, NO
ID12256, 20, FEMALE, SUBURBAN, 8143.75, YES, 2, NO, YES, YES, NO, YES
ID12257, 50, MALE, TOWN, 26462.5, YES, 0, YES, YES, YES, NO, NO
ID12258, 24, MALE, RURAL, 20467.3, YES, 2, YES, YES, YES, NO, NO
ID12259, 60, FEMALE, TOWN, 21506.2, YES, 0, NO, NO, YES, NO, YES
ID12260, 44, FEMALE, TOWN, 15315.3, YES, 1, NO, YES, YES, NO, YES
ID12261, 23, MALE, INNER_CITY, 18875.7, YES, 2, YES, YES, YES, NO, NO
ID12262, 40, FEMALE, INNER_CITY, 12977.2, YES, 0, NO, NO, NO, NO, NO
ID12263, 49, FEMALE, TOWN, 20708.5, NO, 3, NO, NO, YES, NO, NO
ID12264, 21, FEMALE, TOWN, 7549.38, NO, 1, YES, NO, YES, NO, NO
ID12265, 40, FEMALE, INNER_CITY, 24904.0, YES, 0, NO, NO, NO, NO, NO
ID12266, 26, MALE, RURAL, 24071.8, YES, 1, NO, NO, YES, YES, YES
ID12267, 20, MALE, TOWN, 9589.91, NO, 1, NO, YES, YES, YES, NO
ID12268, 24, MALE, INNER_CITY, 8562.86, NO, 1, NO, NO, NO, YES, NO
ID12269, 37, FEMALE, TOWN, 26707.5, NO, 0, YES, YES, YES, NO, NO
ID12270, 56, MALE, INNER_CITY, 34020.5, YES, 0, NO, NO, YES, NO, NO
ID12271, 52, MALE, INNER_CITY, 49175.7, YES, 0, YES, YES, YES, NO, NO
ID12272, 22, MALE, INNER_CITY, 19726.3, YES, 2, NO, NO, YES, NO, NO
ID12273, 35, MALE, INNER_CITY, 24346.6, YES, 3, YES, YES, YES, NO, NO
ID12274, 34, MALE, RURAL, 26999.4, YES, 1, YES, YES, YES, NO, YES
ID12275, 67, FEMALE, TOWN, 41558.1, YES, 2, NO, YES, YES, NO, YES
ID12276, 58, FEMALE, INNER_CITY, 56340.3, NO, 0, NO, YES, YES, NO, YES
ID12277, 40, MALE, TOWN, 37558.5, YES, 0, YES, YES, YES, NO, NO
ID12278, 41, FEMALE, INNER_CITY, 30099.3, YES, 0, YES, YES, YES, YES, YES
ID12279, 43, MALE, INNER_CITY, 15254.8, YES, 0, NO, NO, NO, NO, YES
ID12280, 63, MALE, INNER_CITY, 36086.1, YES, 2, NO, NO, YES, NO, YES
ID12281, 22, FEMALE, INNER_CITY, 17655.0, YES, 1, NO, YES, YES, YES, YES
ID12282, 60, MALE, RURAL, 56658.9, NO, 0, NO, YES, YES, NO, YES
ID12283, 65, FEMALE, INNER_CITY, 37706.5, NO, 0, YES, YES, YES, YES, NO
ID12284, 48, FEMALE, INNER_CITY, 18516.0, YES, 2, YES, YES, YES, YES, NO
ID12285, 38, FEMALE, INNER_CITY, 29622.0, NO, 0, YES, YES, NO, YES, NO
ID12286, 49, MALE, RURAL, 32669.9, YES, 1, YES, YES, YES, YES, YES
ID12287, 20, FEMALE, INNER_CITY, 18275.5, YES, 0, NO, NO, NO, YES, YES
ID12288, 48, FEMALE, TOWN, 34410.0, YES, 1, NO, NO, YES, NO, YES
ID12289, 38, MALE, INNER_CITY, 34866.9, YES, 2, YES, NO, YES, YES, NO
ID12290, 41, FEMALE, INNER_CITY, 21796.6, YES, 0, NO, NO, YES, NO, NO
ID12291, 67, FEMALE, SUBURBAN, 63130.1, YES, 2, YES, YES, YES, NO, YES
ID12292, 39, MALE, INNER_CITY, 14996.4, YES, 1, YES, YES, NO, NO, NO
ID12293, 64, FEMALE, RURAL, 49024.9, YES, 3, NO, YES, YES, NO, YES
ID12294, 41, MALE, INNER_CITY, 16249.8, YES, 0, YES, NO, YES, YES, YES
ID12295, 55, MALE, SUBURBAN, 36192.1, YES, 2, YES, NO, YES, NO, YES
ID12296, 52, MALE, INNER_CITY, 17839.9, YES, 1, NO, YES, NO, YES, YES
ID12297, 30, FEMALE, INNER_CITY, 18802.4, NO, 0, NO, NO, YES, YES, YES
ID12298, 52, MALE, INNER_CITY, 48720.3, YES, 2, YES, YES, YES, NO, YES
ID12299, 26, MALE, INNER_CITY, 14585.9, NO, 2, NO, NO, YES, YES, NO
ID12300, 26, FEMALE, INNER_CITY, 20819.0, YES, 0, NO, YES, YES, NO, YES
ID12301, 46, MALE, TOWN, 26077.8, YES, 1, YES, YES, YES, NO, YES
ID12302, 46, FEMALE, TOWN, 41627.1, YES, 0, NO, YES, YES, YES, NO
ID12303, 52, MALE, INNER_CITY, 16977.3, YES, 0, NO, NO, YES, NO, NO
ID12304, 37, MALE, INNER_CITY, 19012.8, NO, 3, YES, NO, YES, NO, NO
ID12305, 22, MALE, INNER_CITY, 12764.8, YES, 1, NO, YES, YES, YES, YES
ID12306, 18, MALE, INNER_CITY, 14388.6, NO, 0, YES, NO, YES, YES, YES
ID12307, 63, MALE, INNER_CITY, 59409.1, NO, 0, YES, YES, YES, NO, YES
ID12308, 25, FEMALE, INNER_CITY, 14960.2, YES, 0, NO, YES, YES, YES, NO
ID12309, 67, MALE, INNER_CITY, 39666.6, YES, 0, YES, YES, YES, NO, NO
ID12310, 27, MALE, INNER_CITY, 20771.9, NO, 0, NO, YES, NO, NO, YES
ID12311, 61, MALE, INNER_CITY, 24474.1, NO, 0, YES, NO, NO, NO, YES
ID12312, 58, MALE, TOWN, 33123.7, YES, 1, YES, YES, YES, NO, YES
ID12313, 22, MALE, INNER_CITY, 14433.4, YES, 0, YES, YES, YES, NO, YES
ID12314, 28, MALE, TOWN, 13175.5, NO, 1, NO, NO, YES, NO, YES
ID12315, 23, MALE, INNER_CITY, 9824.37, YES, 0, NO, YES, YES, NO, NO
ID12316, 27, MALE, SUBURBAN, 17610.3, YES, 0, NO, YES, YES, NO, NO
ID12317, 27, FEMALE, SUBURBAN, 15156.2, YES, 0, YES, NO, YES, NO, NO
ID12318, 40, FEMALE, INNER_CITY, 31774.1, YES, 3, YES, YES, YES, YES, NO
ID12319, 39, MALE, TOWN, 31693.5, NO, 0, YES, YES, NO, NO, YES
ID12320, 35, FEMALE, INNER_CITY, 28598.7, YES, 0, YES, YES, YES, NO, NO
ID12321, 37, FEMALE, INNER_CITY, 26261.7, NO, 2, YES, NO, NO, NO, NO
ID12322, 47, MALE, INNER_CITY, 42124.1, YES, 2, NO, YES, YES, NO, YES
ID12323, 42, FEMALE, INNER_CITY, 39308.7, YES, 1, NO, YES, YES, NO, YES
ID12324, 67, FEMALE, INNER_CITY, 43530.0, YES, 0, NO, YES, YES, YES, NO
ID12325, 57, MALE, RURAL, 49874.4, YES, 3, NO, YES, YES, NO, YES
ID12326, 47, FEMALE, RURAL, 27434.8, NO, 0, YES, YES, YES, NO, YES
ID12327, 67, MALE, INNER_CITY, 50474.6, YES, 2, YES, YES, YES, NO, YES
ID12328, 56, MALE, TOWN, 24888.2, NO, 0, NO, YES, YES, NO, YES
ID12329, 37, MALE, RURAL, 28021.6, NO, 0, YES, NO, YES, YES, YES
ID12330, 27, MALE, INNER_CITY, 12279.5, NO, 0, YES, NO, NO, NO, YES
ID12331, 59, FEMALE, INNER_CITY, 30189.4, YES, 0, YES, NO, YES, YES, YES
ID12332, 31, MALE, INNER_CITY, 28969.4, NO, 1, NO, NO, YES, YES, NO
ID12333, 31, MALE, SUBURBAN, 14058.5, YES, 0, NO, NO, YES, YES, YES
ID12334, 32, FEMALE, TOWN, 30404.3, YES, 0, YES, YES, YES, NO, NO
ID12335, 57, FEMALE, RURAL, 41438.2, NO, 3, NO, YES, NO, NO, NO
ID12336, 49, FEMALE, INNER_CITY, 16711.3, NO, 1, NO, YES, YES, YES, YES
ID12337, 65, MALE, TOWN, 52255.9, NO, 2, YES, YES, YES, NO, YES
ID12338, 22, FEMALE, INNER_CITY, 17866.9, YES, 2, NO, YES, YES, YES, NO
ID12339, 26, FEMALE, RURAL, 18067.5, YES, 2, NO, YES, NO, NO, NO
ID12340, 23, MALE, INNER_CITY, 12823.7, YES, 0, YES, YES, YES, NO, NO
ID12341, 26, FEMALE, RURAL, 11299.3, YES, 2, YES, NO, NO, NO, NO
ID12342, 59, FEMALE, INNER_CITY, 56031.1, NO, 0, YES, YES, YES, NO, YES
ID12343, 67, MALE, INNER_CITY, 35263.5, YES, 1, YES, YES, YES, NO, YES
ID12344, 34, FEMALE, INNER_CITY, 19968.1, YES, 0, YES, YES, YES, NO, NO
ID12345, 50, MALE, RURAL, 27825.5, YES, 2, YES, YES, NO, NO, NO
ID12346, 46, MALE, SUBURBAN, 37773.9, NO, 0, YES, YES, YES, YES, NO
ID12347, 23, FEMALE, INNER_CITY, 7606.25, NO, 3, YES, NO, NO, NO, NO
ID12348, 26, MALE, RURAL, 21384.4, YES, 0, NO, NO, YES, NO, NO
ID12349, 40, MALE, TOWN, 20347.0, YES, 3, NO, YES, YES, NO, NO
ID12350, 36, MALE, TOWN, 21332.3, YES, 3, YES, NO, YES, NO, NO
ID12351, 65, MALE, INNER_CITY, 57671.7, NO, 0, NO, YES, YES, YES, NO
ID12352, 45, FEMALE, TOWN, 36057.8, YES, 1, YES, YES, YES, YES, YES
ID12353, 23, MALE, INNER_CITY, 14290.5, YES, 2, NO, NO, YES, YES, NO
ID12354, 42, FEMALE, TOWN, 17882.9, YES, 1, NO, NO, NO, NO, YES
ID12355, 21, FEMALE, RURAL, 10629.1, NO, 3, NO, YES, YES, YES, NO
ID12356, 62, FEMALE, INNER_CITY, 24262.8, NO, 0, YES, NO, YES, NO, YES
ID12357, 49, FEMALE, SUBURBAN, 26097.9, NO, 2, NO, YES, YES, NO, NO
ID12358, 28, FEMALE, TOWN, 23371.0, YES, 2, NO, NO, YES, YES, NO
ID12359, 38, FEMALE, TOWN, 21495.6, NO, 3, NO, NO, YES, YES, NO
ID12360, 36, MALE, TOWN, 12166.9, NO, 0, NO, NO, NO, NO, NO
ID12361, 22, MALE, SUBURBAN, 17180.2, YES, 0, NO, YES, YES, NO, NO
ID12362, 40, FEMALE, TOWN, 28882.3, YES, 1, NO, YES, YES, YES, YES
ID12363, 40, FEMALE, TOWN, 21612.2, YES, 0, NO, NO, YES, NO, NO
ID12364, 60, FEMALE, INNER_CITY, 46358.4, YES, 0, YES, YES, YES, YES, NO
ID12365, 23, MALE, INNER_CITY, 19166.0, NO, 0, YES, YES, NO, NO, YES
ID12366, 21, MALE, INNER_CITY, 17921.8, YES, 1, YES, NO, NO, NO, YES
ID12367, 58, MALE, TOWN, 33229.0, NO, 0, YES, YES, YES, NO, YES
ID12368, 48, FEMALE, SUBURBAN, 30396.1, NO, 0, NO, YES, YES, NO, YES
ID12369, 63, FEMALE, TOWN, 34625.2, YES, 0, YES, NO, YES, NO, NO
ID12370, 20, MALE, TOWN, 16672.8, NO, 3, YES, NO, YES, YES, NO
ID12371, 67, FEMALE, SUBURBAN, 60747.5, NO, 2, NO, YES, YES, YES, YES
ID12372, 62, FEMALE, INNER_CITY, 56394.3, NO, 0, YES, YES, YES, NO, YES
ID12373, 36, MALE, TOWN, 13236.4, YES, 0, NO, YES, YES, NO, NO
ID12374, 31, MALE, INNER_CITY, 28409.4, YES, 1, YES, NO, YES, NO, YES
ID12375, 42, FEMALE, INNER_CITY, 27056.5, YES, 0, YES, YES, YES, NO, NO
ID12376, 18, MALE, RURAL, 9362.58, YES, 0, YES, NO, YES, YES, YES
ID12377, 46, FEMALE, SUBURBAN, 28702.7, NO, 1, NO, YES, YES, YES, YES
ID12378, 25, MALE, TOWN, 22366.1, YES, 1, YES, YES, YES, NO, YES
ID12379, 65, FEMALE, RURAL, 24477.5, NO, 0, NO, YES, NO, YES, NO
ID12380, 40, MALE, TOWN, 36972.4, YES, 1, NO, NO, YES, YES, YES
ID12381, 32, MALE, INNER_CITY, 22327.8, YES, 1, NO, NO, NO, NO, YES
ID12382, 18, FEMALE, INNER_CITY, 15610.2, YES, 0, NO, YES, YES, NO, NO
ID12383, 64, MALE, INNER_CITY, 54314.5, YES, 1, YES, YES, NO, NO, YES
ID12384, 43, FEMALE, INNER_CITY, 39175.8, YES, 3, NO, YES, YES, YES, NO
ID12385, 22, FEMALE, INNER_CITY, 13739.0, YES, 3, NO, YES, YES, NO, NO
ID12386, 25, MALE, TOWN, 9485.84, YES, 0, NO, NO, NO, NO, NO
ID12387, 39, MALE, INNER_CITY, 24675.7, YES, 1, YES, YES, YES, YES, YES
ID12388, 58, FEMALE, INNER_CITY, 28253.6, YES, 3, NO, NO, YES, NO, NO
ID12389, 33, MALE, INNER_CITY, 14136.5, YES, 1, NO, YES, NO, NO, NO
ID12390, 52, FEMALE, RURAL, 37162.1, YES, 1, YES, YES, YES, NO, YES
ID12391, 23, MALE, INNER_CITY, 13519.2, NO, 0, NO, YES, YES, NO, YES
ID12392, 44, FEMALE, INNER_CITY, 39253.6, NO, 0, YES, YES, NO, NO, YES
ID12393, 51, MALE, RURAL, 46323.8, YES, 2, YES, YES, YES, YES, YES
ID12394, 26, FEMALE, TOWN, 20950.7, YES, 0, NO, YES, YES, NO, NO
ID12395, 42, MALE, TOWN, 22495.7, YES, 0, NO, YES, NO, YES, NO
ID12396, 34, MALE, TOWN, 32548.9, YES, 0, YES, YES, YES, YES, NO
ID12397, 54, FEMALE, RURAL, 24583.4, NO, 2, YES, YES, YES, YES, NO
ID12398, 18, MALE, RURAL, 8639.24, YES, 2, NO, NO, NO, NO, NO
ID12399, 47, FEMALE, INNER_CITY, 17139.5, NO, 2, YES, NO, YES, NO, NO
ID12400, 24, FEMALE, INNER_CITY, 13667.7, YES, 0, NO, YES, YES, NO, NO
ID12401, 19, FEMALE, INNER_CITY, 8162.42, YES, 1, YES, YES, YES, YES, NO
ID12402, 37, FEMALE, TOWN, 15349.6, YES, 0, NO, YES, NO, NO, NO
ID12403, 45, FEMALE, TOWN, 29231.4, YES, 0, NO, YES, NO, NO, NO
ID12404, 49, MALE, RURAL, 41462.3, YES, 3, NO, YES, YES, YES, NO
ID12405, 67, FEMALE, RURAL, 57398.1, NO, 3, NO, YES, YES, NO, YES
ID12406, 35, FEMALE, RURAL, 11520.8, YES, 0, NO, NO, YES, NO, NO
ID12407, 63, MALE, INNER_CITY, 52117.3, NO, 2, YES, YES, YES, NO, YES
ID12408, 38, MALE, RURAL, 26281.4, NO, 0, YES, YES, YES, NO, YES
ID12409, 48, MALE, TOWN, 25683.4, NO, 2, YES, YES, YES, NO, NO
ID12410, 28, FEMALE, INNER_CITY, 11920.7, NO, 1, NO, YES, YES, NO, NO
ID12411, 46, MALE, TOWN, 30658.7, YES, 0, NO, YES, YES, NO, NO
ID12412, 66, MALE, INNER_CITY, 36646.4, NO, 1, NO, YES, YES, NO, YES
ID12413, 61, FEMALE, TOWN, 30760.4, NO, 2, YES, NO, YES, NO, YES
ID12414, 18, FEMALE, RURAL, 16109.9, NO, 2, YES, YES, YES, NO, NO
ID12415, 54, FEMALE, TOWN, 18036.7, YES, 0, YES, YES, NO, NO, NO
ID12416, 45, MALE, RURAL, 42628.3, NO, 0, YES, YES, YES, YES, NO
ID12417, 60, MALE, INNER_CITY, 22110.1, NO, 2, YES, YES, YES, NO, NO
ID12418, 45, FEMALE, TOWN, 37689.1, NO, 1, NO, YES, YES, YES, YES
ID12419, 31, FEMALE, INNER_CITY, 23171.8, NO, 2, NO, YES, NO, NO, NO
ID12420, 39, MALE, SUBURBAN, 21951.3, NO, 0, YES, YES, YES, YES, NO
ID12421, 53, MALE, INNER_CITY, 38103.4, NO, 2, YES, YES, YES, NO, YES
ID12422, 35, MALE, RURAL, 22882.9, YES, 0, YES, NO, NO, YES, YES
ID12423, 25, FEMALE, TOWN, 11043.7, YES, 1, YES, YES, NO, YES, NO
ID12424, 32, MALE, TOWN, 24027.6, NO, 0, NO, YES, YES, NO, YES
ID12425, 36, MALE, SUBURBAN, 28495.1, YES, 0, NO, YES, YES, NO, NO
ID12426, 24, FEMALE, TOWN, 9465.21, NO, 0, NO, NO, YES, NO, YES
ID12427, 39, MALE, INNER_CITY, 34852.3, YES, 1, NO, YES, NO, YES, YES
ID12428, 24, MALE, INNER_CITY, 21268.4, YES, 0, NO, NO, YES, YES, YES
ID12429, 57, FEMALE, RURAL, 50849.2, NO, 1, NO, YES, NO, YES, YES
ID12430, 27, FEMALE, TOWN, 18555.9, YES, 3, NO, NO, YES, NO, NO
ID12431, 66, FEMALE, RURAL, 52769.9, YES, 3, YES, YES, YES, NO, YES
ID12432, 18, FEMALE, INNER_CITY, 11601.4, YES, 2, NO, YES, YES, YES, NO
ID12433, 33, FEMALE, TOWN, 29541.7, YES, 0, NO, YES, NO, NO, NO
ID12434, 48, MALE, SUBURBAN, 17861.0, YES, 2, NO, YES, YES, NO, NO
ID12435, 23, FEMALE, SUBURBAN, 21042.0, YES, 1, NO, NO, YES, NO, YES
ID12436, 44, MALE, TOWN, 26688.1, YES, 1, NO, YES, NO, YES, YES
ID12437, 39, MALE, INNER_CITY, 26900.6, YES, 2, NO, NO, NO, YES, NO
ID12438, 65, MALE, INNER_CITY, 38080.9, YES, 1, YES, YES, NO, YES, NO
ID12439, 60, MALE, SUBURBAN, 37554.1, YES, 2, YES, YES, YES, YES, YES
ID12440, 20, MALE, INNER_CITY, 18184.6, YES, 0, NO, NO, YES, YES, YES
ID12441, 45, FEMALE, SUBURBAN, 28864.9, YES, 0, NO, YES, YES, NO, NO
ID12442, 66, MALE, RURAL, 48346.1, YES, 1, YES, YES, NO, NO, YES
ID12443, 64, MALE, INNER_CITY, 53104.3, YES, 0, YES, YES, YES, NO, NO
ID12444, 51, FEMALE, INNER_CITY, 19416.8, YES, 0, NO, YES, YES, NO, NO
ID12445, 34, MALE, RURAL, 23638.1, YES, 2, YES, YES, YES, NO, NO
ID12446, 65, FEMALE, TOWN, 42378.2, YES, 1, NO, YES, YES, NO, YES
ID12447, 50, MALE, RURAL, 39745.3, YES, 0, YES, YES, NO, YES, NO
ID12448, 66, FEMALE, INNER_CITY, 45189.8, YES, 0, NO, YES, NO, NO, NO
ID12449, 63, MALE, INNER_CITY, 37930.9, YES, 0, NO, YES, NO, YES, NO
ID12450, 53, FEMALE, INNER_CITY, 24042.0, NO, 1, NO, NO, YES, NO, YES
ID12451, 33, FEMALE, INNER_CITY, 31207.1, NO, 0, YES, NO, YES, YES, YES
ID12452, 38, MALE, TOWN, 24424.3, YES, 0, NO, YES, YES, YES, NO
ID12453, 56, FEMALE, RURAL, 24607.8, NO, 1, NO, YES, YES, YES, NO
ID12454, 48, MALE, TOWN, 43057.0, NO, 1, YES, YES, YES, NO, YES
ID12455, 49, FEMALE, SUBURBAN, 30198.5, YES, 0, YES, NO, YES, YES, YES
ID12456, 54, FEMALE, RURAL, 50186.1, YES, 2, NO, YES, YES, YES, YES
ID12457, 41, FEMALE, SUBURBAN, 22916.1, YES, 0, NO, NO, YES, NO, NO
ID12458, 19, MALE, RURAL, 9592.73, NO, 0, NO, YES, YES, NO, YES
ID12459, 52, FEMALE, INNER_CITY, 34253.6, NO, 3, YES, NO, YES, NO, NO
ID12460, 52, FEMALE, INNER_CITY, 22792.3, YES, 1, YES, YES, NO, NO, YES
ID12461, 64, FEMALE, TOWN, 51620.8, NO, 2, YES, YES, YES, NO, YES
ID12462, 56, MALE, TOWN, 19918.9, YES, 3, NO, YES, YES, YES, NO
ID12463, 56, MALE, TOWN, 29625.1, YES, 2, NO, NO, YES, NO, NO
ID12464, 19, FEMALE, TOWN, 12549.0, YES, 0, NO, YES, YES, NO, NO
ID12465, 56, FEMALE, TOWN, 51299.3, YES, 1, YES, YES, NO, NO, YES
ID12466, 27, MALE, INNER_CITY, 17364.8, YES, 2, YES, YES, NO, NO, YES
ID12467, 59, FEMALE, INNER_CITY, 29866.9, NO, 1, YES, NO, YES, NO, YES
ID12468, 56, MALE, INNER_CITY, 47750.2, YES, 0, YES, YES, YES, YES, NO
ID12469, 21, MALE, TOWN, 11281.5, YES, 0, NO, YES, YES, YES, NO
ID12470, 64, MALE, INNER_CITY, 34073.8, YES, 3, NO, YES, NO, YES, NO
ID12471, 62, MALE, INNER_CITY, 46870.4, YES, 0, NO, YES, YES, NO, NO
ID12472, 44, FEMALE, INNER_CITY, 38453.7, NO, 2, NO, YES, YES, NO, YES
ID12473, 24, FEMALE, INNER_CITY, 7756.36, NO, 0, NO, NO, NO, NO, YES
ID12474, 52, FEMALE, INNER_CITY, 28413.8, YES, 0, NO, NO, YES, NO, NO
ID12475, 67, FEMALE, SUBURBAN, 47198.6, YES, 2, NO, YES, YES, NO, YES
ID12476, 41, MALE, INNER_CITY, 20866.3, YES, 0, YES, YES, YES, NO, NO
ID12477, 58, FEMALE, TOWN, 33204.3, NO, 1, NO, NO, NO, YES, YES
ID12478, 40, MALE, INNER_CITY, 24823.5, NO, 2, NO, NO, YES, NO, NO
ID12479, 19, MALE, SUBURBAN, 17986.8, YES, 0, NO, NO, YES, YES, YES
ID12480, 20, FEMALE, INNER_CITY, 9909.82, YES, 3, NO, NO, YES, NO, NO
ID12481, 56, FEMALE, TOWN, 26542.8, NO, 0, YES, YES, YES, NO, YES
ID12482, 46, FEMALE, INNER_CITY, 32583.5, YES, 2, YES, YES, YES, NO, NO
ID12483, 30, MALE, INNER_CITY, 14606.6, YES, 1, NO, NO, YES, NO, NO
ID12484, 40, FEMALE, TOWN, 34836.8, YES, 1, YES, YES, YES, NO, YES
ID12485, 36, FEMALE, TOWN, 26920.8, YES, 0, NO, NO, YES, NO, NO
ID12486, 57, FEMALE, INNER_CITY, 38248.3, NO, 3, YES, NO, YES, YES, NO
ID12487, 49, MALE, INNER_CITY, 15689.1, NO, 0, NO, NO, YES, NO, NO
ID12488, 61, MALE, INNER_CITY, 30157.7, NO, 1, YES, NO, NO, NO, YES
ID12489, 29, MALE, INNER_CITY, 14642.2, NO, 0, YES, NO, YES, NO, YES
ID12490, 48, FEMALE, INNER_CITY, 15933.3, YES, 0, NO, YES, NO, NO, NO
ID12491, 56, FEMALE, INNER_CITY, 44288.3, YES, 0, NO, YES, YES, NO, NO
ID12492, 40, MALE, TOWN, 22197.1, NO, 0, YES, NO, YES, NO, YES
ID12493, 58, FEMALE, TOWN, 38248.3, YES, 3, YES, YES, NO, NO, NO
ID12494, 60, FEMALE, INNER_CITY, 22053.2, YES, 2, YES, YES, NO, YES, NO
ID12495, 58, FEMALE, SUBURBAN, 25468.5, NO, 0, YES, NO, NO, YES, YES
ID12496, 67, FEMALE, TOWN, 23485.9, YES, 3, YES, NO, NO, YES, NO
ID12497, 40, MALE, RURAL, 25768.6, YES, 0, YES, YES, NO, NO, NO
ID12498, 48, MALE, INNER_CITY, 34182.2, YES, 2, NO, YES, YES, NO, YES
ID12499, 64, FEMALE, INNER_CITY, 57444.5, NO, 1, NO, YES, YES, NO, YES
ID12500, 43, MALE, TOWN, 38059.8, YES, 0, YES, YES, NO, YES, NO
ID12501, 34, FEMALE, RURAL, 19481.3, NO, 0, NO, NO, YES, YES, YES
ID12502, 26, MALE, RURAL, 19563.8, NO, 3, YES, NO, NO, YES, NO
ID12503, 48, MALE, INNER_CITY, 38598.4, YES, 0, YES, NO, YES, NO, NO
ID12504, 35, MALE, INNER_CITY, 20754.3, NO, 0, NO, NO, NO, YES, YES
ID12505, 24, FEMALE, INNER_CITY, 13864.6, YES, 3, NO, YES, YES, NO, YES
ID12506, 47, MALE, SUBURBAN, 36599.0, YES, 3, YES, YES, YES, NO, YES
ID12507, 52, MALE, SUBURBAN, 45856.1, NO, 1, NO, YES, YES, NO, YES
ID12508, 31, MALE, SUBURBAN, 22362.3, NO, 0, NO, YES, YES, NO, YES
ID12509, 41, FEMALE, SUBURBAN, 21984.0, YES, 1, YES, NO, NO, NO, YES
ID12510, 23, MALE, SUBURBAN, 11073.0, YES, 2, NO, YES, NO, NO, NO
ID12511, 27, FEMALE, INNER_CITY, 18158.5, NO, 1, YES, NO, YES, YES, YES
ID12512, 22, MALE, INNER_CITY, 7304.2, NO, 0, YES, YES, YES, YES, NO
ID12513, 67, FEMALE, INNER_CITY, 58092.0, NO, 2, YES, YES, YES, NO, YES
ID12514, 26, FEMALE, INNER_CITY, 16518.6, YES, 0, YES, NO, YES, NO, YES
ID12515, 58, FEMALE, SUBURBAN, 46461.5, YES, 0, NO, YES, YES, NO, NO
ID12516, 27, MALE, RURAL, 20058.7, YES, 0, NO, YES, YES, YES, NO
ID12517, 36, MALE, INNER_CITY, 12533.2, NO, 1, NO, YES, NO, YES, NO
ID12518, 31, MALE, RURAL, 22848.5, YES, 1, YES, NO, NO, NO, YES
ID12519, 28, FEMALE, TOWN, 25699.4, YES, 2, YES, YES, NO, NO, YES
ID12520, 57, MALE, TOWN, 21612.6, YES, 0, NO, YES, YES, YES, NO
ID12521, 64, MALE, INNER_CITY, 48950.9, YES, 0, YES, YES, YES, YES, NO
ID12522, 49, MALE, INNER_CITY, 41438.0, NO, 1, NO, YES, NO, NO, YES
ID12523, 22, MALE, INNER_CITY, 11411.0, YES, 1, YES, NO, YES, NO, NO
ID12524, 58, FEMALE, INNER_CITY, 43940.6, YES, 0, YES, YES, YES, NO, NO
ID12525, 20, MALE, TOWN, 17239.5, NO, 1, YES, NO, YES, NO, YES
ID12526, 44, FEMALE, RURAL, 30488.7, YES, 0, NO, YES, YES, NO, NO
ID12527, 65, FEMALE, TOWN, 29866.3, YES, 3, NO, YES, NO, NO, NO
ID12528, 53, FEMALE, INNER_CITY, 32184.4, YES, 2, YES, NO, NO, NO, YES
ID12529, 34, FEMALE, INNER_CITY, 17308.7, YES, 1, YES, NO, YES, YES, YES
ID12530, 35, MALE, RURAL, 27863.9, NO, 2, NO, YES, YES, YES, NO
ID12531, 48, MALE, TOWN, 28920.6, YES, 0, NO, YES, NO, YES, NO
ID12532, 64, FEMALE, TOWN, 58367.3, YES, 1, YES, YES, YES, NO, YES
ID12533, 46, MALE, TOWN, 16849.3, NO, 0, YES, YES, YES, YES, NO
ID12534, 42, FEMALE, RURAL, 28138.5, YES, 0, NO, NO, YES, YES, YES
ID12535, 47, MALE, INNER_CITY, 23038.2, YES, 0, YES, YES, NO, NO, NO
ID12536, 23, MALE, TOWN, 11736.9, NO, 2, YES, YES, YES, YES, NO
ID12537, 35, MALE, INNER_CITY, 16479.5, YES, 0, YES, NO, NO, YES, YES
ID12538, 64, FEMALE, INNER_CITY, 31415.7, NO, 1, YES, YES, NO, YES, YES
ID12539, 18, FEMALE, SUBURBAN, 12117.3, YES, 1, NO, NO, YES, NO, NO
ID12540, 19, MALE, INNER_CITY, 15417.1, YES, 1, YES, NO, YES, NO, NO
ID12541, 40, MALE, INNER_CITY, 29414.6, YES, 1, NO, YES, NO, YES, YES
ID12542, 47, MALE, INNER_CITY, 44682.1, YES, 0, YES, YES, YES, NO, NO
ID12543, 43, FEMALE, RURAL, 36281.0, YES, 0, YES, YES, YES, NO, NO
ID12544, 38, MALE, TOWN, 33302.8, NO, 0, YES, NO, YES, YES, YES
ID12545, 21, FEMALE, RURAL, 15797.1, YES, 0, NO, YES, YES, NO, YES
ID12546, 40, MALE, RURAL, 31864.8, YES, 0, YES, YES, YES, NO, NO
ID12547, 52, FEMALE, TOWN, 43719.5, YES, 0, NO, YES, YES, NO, NO
ID12548, 35, FEMALE, TOWN, 30799.5, YES, 2, NO, NO, YES, NO, YES
ID12549, 53, MALE, RURAL, 48971.6, YES, 3, YES, YES, NO, NO, YES
ID12550, 38, FEMALE, RURAL, 34061.4, NO, 0, YES, YES, YES, NO, YES
ID12551, 42, MALE, INNER_CITY, 28938.6, YES, 3, YES, NO, NO, NO, NO
ID12552, 43, MALE, TOWN, 38540.0, NO, 0, YES, YES, NO, YES, NO
ID12553, 59, FEMALE, INNER_CITY, 27045.1, NO, 0, NO, NO, YES, NO, YES
ID12554, 59, FEMALE, RURAL, 51284.3, NO, 0, YES, YES, YES, YES, NO
ID12555, 24, MALE, INNER_CITY, 16352.2, NO, 0, NO, YES, YES, YES, NO
ID12556, 27, FEMALE, INNER_CITY, 11866.4, YES, 0, YES, YES, YES, NO, NO
ID12557, 32, FEMALE, TOWN, 13267.6, YES, 0, YES, YES, YES, YES, NO
ID12558, 65, FEMALE, INNER_CITY, 61554.6, YES, 0, NO, YES, YES, NO, NO
ID12559, 18, MALE, SUBURBAN, 13700.2, NO, 1, NO, YES, YES, NO, NO
ID12560, 66, MALE, TOWN, 46963.9, YES, 1, NO, YES, YES, NO, YES
ID12561, 41, MALE, INNER_CITY, 23475.6, YES, 0, YES, NO, YES, YES, YES
ID12562, 64, FEMALE, SUBURBAN, 24554.1, YES, 0, YES, YES, NO, YES, NO
ID12563, 23, FEMALE, INNER_CITY, 18050.0, YES, 0, YES, NO, YES, YES, YES
ID12564, 29, FEMALE, RURAL, 15237.6, YES, 2, YES, NO, YES, NO, NO
ID12565, 28, MALE, TOWN, 20555.0, NO, 0, YES, YES, YES, NO, YES
ID12566, 57, FEMALE, TOWN, 28421.7, YES, 2, YES, YES, YES, YES, NO
ID12567, 38, MALE, INNER_CITY, 21876.5, YES, 0, NO, NO, YES, NO, NO
ID12568, 34, FEMALE, SUBURBAN, 12810.2, NO, 3, NO, YES, YES, NO, YES
ID12569, 43, MALE, SUBURBAN, 15109.4, YES, 0, NO, NO, YES, NO, YES
ID12570, 63, MALE, TOWN, 37414.7, NO, 3, YES, YES, YES, NO, NO
ID12571, 62, FEMALE, INNER_CITY, 41521.6, YES, 0, NO, YES, YES, YES, NO
ID12572, 51, FEMALE, INNER_CITY, 25372.8, YES, 0, YES, YES, YES, NO, NO
ID12573, 61, MALE, INNER_CITY, 21139.8, YES, 2, YES, YES, NO, NO, NO
ID12574, 41, FEMALE, TOWN, 27757.6, NO, 0, NO, YES, YES, NO, YES
ID12575, 31, FEMALE, TOWN, 22678.1, NO, 1, YES, YES, YES, YES, YES
ID12576, 33, FEMALE, TOWN, 12178.5, YES, 2, NO, YES, YES, YES, NO
ID12577, 43, MALE, RURAL, 26106.7, NO, 1, NO, NO, YES, NO, YES
ID12578, 40, MALE, INNER_CITY, 27417.6, YES, 0, NO, YES, YES, YES, NO
ID12579, 47, MALE, TOWN, 23337.2, YES, 2, NO, YES, YES, YES, NO
ID12580, 46, MALE, TOWN, 43395.5, NO, 1, YES, YES, YES, NO, YES
ID12581, 30, MALE, RURAL, 11536.2, YES, 2, NO, NO, YES, YES, NO
ID12582, 47, MALE, INNER_CITY, 44658.6, NO, 2, YES, YES, YES, NO, YES
ID12583, 44, MALE, RURAL, 32762.5, NO, 0, NO, YES, YES, YES, NO
ID12584, 23, MALE, RURAL, 16403.8, YES, 0, YES, YES, NO, NO, NO
ID12585, 28, FEMALE, INNER_CITY, 21184.7, YES, 1, YES, YES, YES, NO, YES
ID12586, 64, FEMALE, INNER_CITY, 49917.3, YES, 0, YES, YES, YES, YES, NO
ID12587, 35, FEMALE, TOWN, 21623.8, YES, 0, NO, YES, NO, YES, NO
ID12588, 19, MALE, RURAL, 16625.9, YES, 1, NO, NO, YES, NO, YES
ID12589, 27, FEMALE, TOWN, 14014.5, YES, 3, NO, YES, NO, NO, NO
ID12590, 27, MALE, INNER_CITY, 20409.3, YES, 2, NO, YES, NO, NO, YES
ID12591, 58, FEMALE, INNER_CITY, 31671.3, YES, 1, YES, YES, NO, YES, YES
ID12592, 46, FEMALE, TOWN, 17149.2, NO, 1, YES, YES, YES, NO, YES
ID12593, 61, FEMALE, TOWN, 27756.3, YES, 0, YES, YES, NO, YES, YES
ID12594, 59, MALE, INNER_CITY, 40949.9, NO, 0, NO, YES, YES, NO, YES
ID12595, 47, FEMALE, RURAL, 43743.2, YES, 3, NO, YES, YES, NO, NO
ID12596, 44, MALE, INNER_CITY, 38459.9, YES, 0, NO, NO, NO, YES, YES
ID12597, 50, MALE, TOWN, 40972.9, NO, 2, YES, YES, YES, YES, YES
ID12598, 64, MALE, INNER_CITY, 46587.9, NO, 0, NO, YES, YES, NO, YES
ID12599, 51, FEMALE, TOWN, 43799.6, NO, 0, NO, YES, YES, YES, NO
ID12600, 46, FEMALE, TOWN, 18912.2, YES, 0, YES, NO, YES, NO, YES
ID12601, 39, FEMALE, INNER_CITY, 27765.8, YES, 3, YES, YES, NO, NO, NO
ID12602, 58, FEMALE, INNER_CITY, 33007.3, NO, 1, YES, NO, YES, NO, YES
ID12603, 32, FEMALE, TOWN, 26325.3, YES, 0, YES, NO, NO, NO, NO
ID12604, 22, FEMALE, INNER_CITY, 15308.2, NO, 0, YES, YES, YES, YES, NO
ID12605, 63, FEMALE, INNER_CITY, 59805.6, YES, 1, YES, YES, YES, NO, YES
ID12606, 35, FEMALE, TOWN, 28658.3, YES, 0, YES, YES, YES, NO, NO
ID12607, 59, FEMALE, INNER_CITY, 23175.0, YES, 0, NO, NO, NO, YES, YES
ID12608, 22, FEMALE, SUBURBAN, 11595.4, NO, 0, YES, YES, YES, NO, YES
ID12609, 60, MALE, SUBURBAN, 50409.9, NO, 2, NO, YES, YES, YES, YES
ID12610, 23, FEMALE, RURAL, 11215.3, YES, 2, YES, YES, YES, NO, YES
ID12611, 29, FEMALE, TOWN, 13327.8, YES, 0, NO, YES, NO, NO, NO
ID12612, 44, MALE, INNER_CITY, 16088.8, YES, 3, NO, YES, YES, NO, NO
ID12613, 63, FEMALE, TOWN, 43943.0, YES, 0, YES, YES, YES, YES, NO
ID12614, 25, FEMALE, RURAL, 14505.3, NO, 3, NO, YES, YES, NO, NO
ID12615, 37, MALE, INNER_CITY, 33886.4, NO, 0, YES, YES, NO, NO, YES
ID12616, 48, FEMALE, INNER_CITY, 16662.5, YES, 1, NO, YES, YES, NO, YES
ID12617, 35, FEMALE, TOWN, 20262.6, NO, 0, NO, YES, NO, NO, YES
ID12618, 51, MALE, TOWN, 33615.4, YES, 1, NO, YES, NO, YES, YES
ID12619, 27, FEMALE, TOWN, 22007.1, NO, 3, NO, NO, YES, NO, NO
ID12620, 56, FEMALE, INNER_CITY, 28981.1, YES, 3, YES, YES, YES, YES, NO
ID12621, 38, FEMALE, INNER_CITY, 12163.9, YES, 2, YES, NO, YES, NO, YES
ID12622, 36, FEMALE, TOWN, 17247.7, YES, 2, YES, YES, YES, NO, NO
ID12623, 27, MALE, SUBURBAN, 12683.6, NO, 3, NO, YES, YES, YES, NO
ID12624, 34, FEMALE, TOWN, 16291.0, YES, 0, YES, YES, NO, YES, NO
ID12625, 44, MALE, SUBURBAN, 18707.3, YES, 0, YES, YES, YES, YES, YES
ID12626, 43, FEMALE, INNER_CITY, 19326.9, YES, 1, NO, NO, YES, NO, YES
ID12627, 32, MALE, INNER_CITY, 14511.8, NO, 2, NO, YES, NO, YES, NO
ID12628, 21, FEMALE, TOWN, 10672.0, NO, 1, NO, YES, YES, YES, NO
ID12629, 30, FEMALE, INNER_CITY, 25830.5, YES, 2, NO, NO, YES, NO, NO
ID12630, 55, MALE, RURAL, 43499.5, YES, 1, YES, YES, YES, NO, NO
ID12631, 64, MALE, SUBURBAN, 59175.1, YES, 1, NO, YES, YES, NO, YES
ID12632, 36, FEMALE, INNER_CITY, 27642.9, NO, 1, YES, NO, NO, NO, YES
ID12633, 59, MALE, INNER_CITY, 30067.5, NO, 1, NO, YES, YES, NO, YES
ID12634, 60, MALE, INNER_CITY, 29714.4, YES, 0, YES, NO, YES, YES, YES
ID12635, 27, FEMALE, TOWN, 13950.4, NO, 1, YES, YES, YES, YES, NO
ID12636, 29, MALE, INNER_CITY, 10072.6, YES, 0, NO, NO, YES, NO, NO
ID12637, 53, FEMALE, INNER_CITY, 37850.6, NO, 1, NO, YES, YES, NO, YES
ID12638, 61, FEMALE, RURAL, 57176.4, NO, 2, NO, YES, YES, NO, YES
ID12639, 43, FEMALE, INNER_CITY, 38784.0, YES, 0, NO, YES, YES, NO, NO
ID12640, 19, MALE, INNER_CITY, 10191.8, YES, 0, NO, YES, YES, YES, YES
ID12641, 48, FEMALE, INNER_CITY, 21821.4, YES, 1, YES, YES, NO, YES, YES
ID12642, 39, MALE, RURAL, 37389.0, YES, 2, NO, YES, YES, NO, YES
ID12643, 32, MALE, INNER_CITY, 14627.9, YES, 2, YES, YES, YES, NO, NO
ID12644, 63, MALE, SUBURBAN, 48770.5, YES, 1, YES, YES, NO, YES, YES
ID12645, 46, MALE, RURAL, 21096.2, YES, 1, YES, YES, YES, NO, YES
ID12646, 40, MALE, INNER_CITY, 36256.9, NO, 0, NO, NO, YES, YES, YES
ID12647, 27, FEMALE, INNER_CITY, 15281.8, NO, 0, YES, NO, NO, YES, YES
ID12648, 22, MALE, SUBURBAN, 9316.98, YES, 2, YES, YES, YES, NO, NO
ID12649, 42, MALE, RURAL, 20736.2, YES, 1, YES, YES, YES, NO, YES
ID12650, 58, FEMALE, TOWN, 52662.5, YES, 1, YES, YES, YES, YES, YES
ID12651, 23, FEMALE, INNER_CITY, 8020.19, YES, 1, YES, NO, YES, NO, NO
ID12652, 58, MALE, SUBURBAN, 32245.4, YES, 3, NO, NO, NO, NO, NO
ID12653, 45, MALE, INNER_CITY, 41107.2, YES, 2, YES, YES, YES, NO, NO
ID12654, 49, FEMALE, SUBURBAN, 39358.3, YES, 0, YES, NO, NO, YES, NO
ID12655, 67, FEMALE, INNER_CITY, 36095.9, YES, 3, YES, YES, YES, NO, NO
ID12656, 20, FEMALE, TOWN, 7723.93, YES, 2, YES, YES, YES, NO, NO
ID12657, 43, FEMALE, RURAL, 18565.8, YES, 1, YES, YES, YES, YES, YES
ID12658, 41, MALE, RURAL, 25132.9, YES, 0, NO, NO, YES, NO, NO
ID12659, 38, FEMALE, SUBURBAN, 31290.6, YES, 0, NO, YES, YES, NO, NO
ID12660, 67, FEMALE, SUBURBAN, 24858.4, YES, 0, NO, NO, YES, YES, YES
ID12661, 40, MALE, INNER_CITY, 16398.8, NO, 1, NO, YES, YES, NO, YES
ID12662, 25, FEMALE, SUBURBAN, 23287.9, NO, 0, NO, NO, YES, YES, YES
ID12663, 57, FEMALE, RURAL, 50897.6, YES, 0, NO, YES, YES, NO, NO
ID12664, 32, FEMALE, INNER_CITY, 22446.5, NO, 1, NO, NO, YES, YES, YES
ID12665, 44, MALE, SUBURBAN, 23092.1, YES, 0, YES, NO, YES, YES, YES
ID12666, 30, MALE, TOWN, 24867.6, YES, 0, YES, YES, NO, NO, NO
ID12667, 43, MALE, TOWN, 22234.7, YES, 0, NO, NO, YES, YES, NO
ID12668, 19, FEMALE, INNER_CITY, 17371.1, YES, 2, YES, YES, YES, NO, NO
ID12669, 37, FEMALE, TOWN, 29574.0, YES, 0, YES, YES, YES, NO, NO
ID12670, 49, MALE, INNER_CITY, 17944.2, NO, 1, YES, YES, YES, YES, YES
ID12671, 49, FEMALE, RURAL, 33665.5, NO, 3, YES, NO, YES, NO, NO
ID12672, 40, MALE, INNER_CITY, 36166.2, YES, 0, NO, NO, NO, NO, NO
ID12673, 33, FEMALE, SUBURBAN, 27712.9, NO, 2, NO, YES, YES, NO, YES
ID12674, 39, MALE, TOWN, 22400.7, YES, 2, YES, YES, YES, NO, NO
ID12675, 43, FEMALE, INNER_CITY, 28469.9, YES, 0, YES, YES, YES, NO, NO
ID12676, 37, MALE, TOWN, 30488.0, YES, 0, NO, YES, YES, YES, NO
ID12677, 24, FEMALE, TOWN, 19160.3, YES, 1, YES, YES, YES, NO, YES
ID12678, 62, MALE, TOWN, 45342.5, YES, 0, YES, YES, NO, NO, YES
ID12679, 18, MALE, INNER_CITY, 6294.21, NO, 0, NO, YES, YES, YES, NO
ID12680, 47, FEMALE, TOWN, 25127.7, YES, 0, YES, NO, NO, NO, NO
ID12681, 63, MALE, SUBURBAN, 51879.3, YES, 2, YES, YES, NO, YES, YES
ID12682, 20, MALE, TOWN, 12644.9, YES, 2, YES, NO, YES, YES, NO
ID12683, 46, FEMALE, TOWN, 21984.4, NO, 3, NO, YES, NO, NO, NO
ID12684, 47, FEMALE, RURAL, 29093.1, NO, 2, YES, YES, YES, NO, NO
ID12685, 33, MALE, TOWN, 23528.4, YES, 1, NO, YES, YES, YES, YES
ID12686, 20, MALE, TOWN, 9516.91, NO, 3, YES, YES, YES, NO, NO
ID12687, 20, MALE, INNER_CITY, 18364.9, YES, 1, NO, NO, YES, NO, YES
ID12688, 43, FEMALE, TOWN, 31273.8, NO, 1, YES, YES, NO, NO, YES
ID12689, 58, MALE, RURAL, 49673.6, YES, 0, NO, YES, YES, NO, NO
ID12690, 29, MALE, SUBURBAN, 12623.4, YES, 1, YES, YES, YES, NO, NO
ID12691, 25, MALE, INNER_CITY, 23818.6, YES, 0, NO, NO, NO, NO, NO
ID12692, 40, FEMALE, INNER_CITY, 31473.9, NO, 2, NO, YES, YES, YES, YES
ID12693, 48, MALE, TOWN, 20268.0, YES, 0, NO, YES, YES, NO, NO
ID12694, 65, MALE, SUBURBAN, 51417.0, YES, 2, NO, YES, YES, NO, YES
ID12695, 59, FEMALE, RURAL, 30971.8, YES, 3, YES, YES, YES, YES, NO
ID12696, 61, FEMALE, INNER_CITY, 47025.0, NO, 2, YES, YES, YES, YES, NO
ID12697, 30, FEMALE, INNER_CITY, 9672.25, YES, 0, YES, YES, YES, NO, NO
ID12698, 31, FEMALE, TOWN, 15976.3, YES, 0, YES, YES, NO, NO, YES
ID12699, 29, MALE, INNER_CITY, 14711.8, YES, 0, NO, YES, NO, YES, NO
ID12700, 38, MALE, TOWN, 26671.6, NO, 0, YES, NO, YES, YES, YES
ID12701, 28, MALE, TOWN, 34397.1, YES, 3, NO, NO, YES, NO, NO
ID12702, 34, MALE, INNER_CITY, 39014.7, NO, 2, NO, YES, NO, NO, NO
ID12703, 21, FEMALE, INNER_CITY, 34547.1, NO, 1, NO, YES, YES, NO, YES
ID12704, 56, FEMALE, INNER_CITY, 44375.2, NO, 1, NO, NO, YES, NO, YES
ID12705, 39, MALE, INNER_CITY, 30219.2, NO, 3, YES, YES, YES, NO, NO
ID12706, 42, FEMALE, INNER_CITY, 18654.5, YES, 3, YES, NO, NO, NO, NO
ID12707, 49, MALE, INNER_CITY, 25002.2, YES, 3, YES, YES, YES, NO, NO
ID12708, 46, FEMALE, INNER_CITY, 19559.4, NO, 2, NO, YES, YES, NO, NO
ID12709, 56, MALE, INNER_CITY, 39785.5, YES, 1, YES, YES, YES, YES, NO
ID12710, 49, FEMALE, INNER_CITY, 49812.1, YES, 2, NO, YES, YES, YES, YES
ID12711, 28, MALE, TOWN, 18010.3, NO, 3, YES, YES, YES, YES, YES
ID12712, 31, FEMALE, INNER_CITY, 14619.8, YES, 3, NO, YES, YES, YES, NO
ID12713, 36, MALE, TOWN, 17165.8, YES, 1, YES, YES, YES, YES, NO
ID12714, 58, MALE, INNER_CITY, 33382.4, YES, 1, NO, NO, NO, YES, NO
ID12715, 50, FEMALE, SUBURBAN, 17983.7, NO, 1, NO, YES, NO, YES, NO
ID12716, 41, MALE, SUBURBAN, 23732.3, YES, 3, NO, YES, NO, NO, YES
ID12717, 49, MALE, INNER_CITY, 17404.9, NO, 1, YES, YES, YES, NO, NO
ID12718, 48, FEMALE, TOWN, 15836.8, NO, 0, NO, YES, NO, NO, YES
ID12719, 55, FEMALE, INNER_CITY, 17595.2, YES, 0, NO, YES, YES, NO, NO
ID12720, 58, MALE, INNER_CITY, 45521.3, NO, 3, NO, YES, YES, NO, NO
ID12721, 44, MALE, INNER_CITY, 12623.4, YES, 2, YES, YES, YES, YES, NO
ID12722, 23, MALE, INNER_CITY, 23818.6, YES, 3, YES, YES, YES, NO, NO
ID12723, 33, FEMALE, INNER_CITY, 31473.9, NO, 3, YES, YES, YES, YES, NO
ID12724, 57, MALE, RURAL, 20268.0, NO, 1, NO, YES, YES, YES, NO
ID12725, 31, MALE, RURAL, 51417.0, YES, 3, NO, NO, YES, NO, YES
ID12726, 51, MALE, INNER_CITY, 30971.8, YES, 3, YES, NO, YES, YES, NO
ID12727, 30, FEMALE, TOWN, 47025.0, NO, 2, NO, NO, YES, NO, YES
ID12728, 47, MALE, RURAL, 9672.25, NO, 2, NO, YES, YES, NO, NO
ID12729, 41, MALE, INNER_CITY, 15976.3, NO, 1, NO, YES, NO, NO, NO
ID12730, 46, MALE, INNER_CITY, 14711.8, YES, 2, YES, YES, YES, NO, YES
ID12731, 59, FEMALE, INNER_CITY, 26671.6, YES, 0, YES, YES, NO, NO, NO
ID12732, 27, FEMALE, SUBURBAN, 34397.1, YES, 2, NO, YES, YES, NO, YES
ID12733, 23, MALE, TOWN, 39014.7, NO, 1, NO, YES, YES, NO, NO
ID12734, 54, FEMALE, RURAL, 34547.1, YES, 3, YES, YES, YES, NO, NO
ID12735, 33, MALE, INNER_CITY, 44375.2, YES, 3, YES, NO, YES, NO, YES
ID12736, 39, FEMALE, TOWN, 30219.2, YES, 1, YES, YES, YES, NO, NO
ID12737, 28, MALE, INNER_CITY, 18654.5, YES, 2, NO, NO, YES, NO, NO
ID12738, 27, FEMALE, RURAL, 25002.2, NO, 3, NO, NO, YES, YES, YES
ID12739, 23, MALE, INNER_CITY, 19559.4, YES, 1, YES, NO, YES, NO, NO
ID12740, 22, FEMALE, RURAL, 39785.5, YES, 1, YES, YES, NO, NO, YES
ID12741, 22, MALE, INNER_CITY, 49812.1, NO, 2, YES, NO, YES, YES, NO
ID12742, 34, MALE, INNER_CITY, 18010.3, YES, 1, YES, YES, YES, YES, NO
ID12743, 27, FEMALE, INNER_CITY, 14619.8, YES, 1, NO, YES, YES, YES, YES
ID12744, 35, MALE, RURAL, 17165.8, YES, 1, YES, YES, YES, NO, YES
ID12745, 41, MALE, SUBURBAN, 33382.4, YES, 3, NO, YES, YES, YES, YES
ID12746, 33, FEMALE, INNER_CITY, 17983.7, NO, 1, YES, NO, YES, NO, YES
ID12747, 52, FEMALE, RURAL, 23732.3, YES, 1, YES, YES, NO, NO, NO
ID12748, 25, MALE, TOWN, 17404.9, YES, 0, YES, YES, NO, NO, NO
ID12749, 33, MALE, TOWN, 15836.8, NO, 1, NO, NO, NO, NO, NO
ID12750, 25, MALE, INNER_CITY, 17595.2, YES, 1, NO, YES, YES, NO, YES
ID12751, 25, FEMALE, TOWN, 45521.3, YES, 1, NO, YES, YES, NO, YES
ID12752, 47, MALE, INNER_CITY, 14511.8, NO, 2, NO, YES, YES, YES, NO
ID12753, 26, MALE, TOWN, 10672.0, YES, 2, NO, YES, NO, NO, YES
ID12754, 23, MALE, RURAL, 25830.5, NO, 1, NO, NO, YES, NO, YES
ID12755, 44, FEMALE, INNER_CITY, 43499.5, YES, 1, NO, YES, YES, NO, YES
ID12756, 26, MALE, SUBURBAN, 59175.1, YES, 2, NO, NO, YES, NO, NO
ID12757, 45, MALE, TOWN, 27642.9, YES, 2, YES, YES, YES, YES, YES
ID12758, 46, FEMALE, TOWN, 30067.5, YES, 1, NO, YES, YES, YES, YES
ID12759, 34, FEMALE, TOWN, 29714.4, YES, 2, YES, NO, YES, NO, YES
ID12760, 26, MALE, SUBURBAN, 13950.4, NO, 0, NO, YES, YES, NO, NO
ID12761, 56, FEMALE, TOWN, 10072.6, YES, 1, NO, YES, NO, NO, NO
ID12762, 51, MALE, TOWN, 37850.6, YES, 1, YES, YES, YES, YES, NO
ID12763, 25, FEMALE, INNER_CITY, 57176.4, YES, 0, NO, YES, YES, NO, NO
ID12764, 51, MALE, INNER_CITY, 38784.0, YES, 3, NO, YES, YES, NO, NO
ID12765, 34, FEMALE, INNER_CITY, 10191.8, YES, 3, NO, YES, YES, YES, NO
ID12766, 32, MALE, TOWN, 21821.4, NO, 1, NO, YES, YES, NO, NO
ID12767, 27, FEMALE, SUBURBAN, 37389.0, YES, 1, NO, NO, YES, NO, YES
ID12768, 36, MALE, TOWN, 14627.9, NO, 1, YES, YES, YES, NO, NO
ID12769, 52, MALE, TOWN, 48770.5, NO, 3, NO, NO, YES, NO, YES
ID12770, 45, FEMALE, SUBURBAN, 21096.2, NO, 2, YES, YES, YES, YES, YES
ID12771, 25, MALE, INNER_CITY, 36256.9, NO, 3, NO, YES, NO, YES, NO
ID12772, 25, MALE, TOWN, 15281.8, YES, 1, YES, YES, YES, NO, YES
ID12773, 52, FEMALE, INNER_CITY, 9316.98, YES, 1, YES, NO, NO, NO, YES
ID12774, 48, FEMALE, INNER_CITY, 20736.2, YES, 2, NO, YES, YES, YES, NO
ID12775, 38, MALE, RURAL, 52662.5, NO, 2, YES, YES, YES, YES, YES
ID12776, 33, MALE, SUBURBAN, 8020.19, YES, 1, YES, NO, YES, NO, NO
ID12777, 55, MALE, TOWN, 32245.4, YES, 1, YES, YES, NO, NO, YES
ID12778, 44, FEMALE, RURAL, 41107.2, YES, 1, NO, YES, YES, NO, YES
ID12779, 51, MALE, TOWN, 39358.3, YES, 1, NO, NO, YES, NO, NO
ID12780, 27, MALE, INNER_CITY, 36095.9, YES, 2, NO, YES, YES, NO, NO
ID12781, 51, MALE, INNER_CITY, 7723.93, NO, 3, NO, YES, YES, NO, YES
ID12782, 33, FEMALE, INNER_CITY, 18565.8, YES, 1, NO, NO, YES, YES, YES
ID12783, 43, MALE, INNER_CITY, 25132.9, YES, 2, YES, YES, YES, NO, YES
ID12784, 37, MALE, INNER_CITY, 31290.6, NO, 1, NO, YES, YES, NO, NO
ID12785, 37, FEMALE, TOWN, 24858.4, YES, 2, YES, YES, YES, YES, NO
ID12786, 43, FEMALE, INNER_CITY, 16398.8, NO, 2, YES, YES, NO, YES, NO
ID12787, 54, FEMALE, INNER_CITY, 23287.9, YES, 2, NO, NO, YES, NO, YES
ID12788, 30, FEMALE, INNER_CITY, 50897.6, YES, 1, YES, NO, YES, YES, YES
ID12789, 46, MALE, RURAL, 28550.9, YES, 1, NO, YES, YES, YES, NO
ID12790, 24, MALE, INNER_CITY, 34433.2, NO, 2, NO, NO, YES, NO, YES
ID12791, 29, MALE, INNER_CITY, 17822.8, NO, 1, YES, YES, YES, NO, NO
ID12792, 32, FEMALE, RURAL, 25593.4, YES, 3, YES, YES, NO, NO, NO
ID12793, 51, FEMALE, TOWN, 38435.4, NO, 3, NO, YES, YES, NO, NO
ID12794, 57, MALE, TOWN, 39458.8, YES, 3, NO, NO, NO, YES, NO
ID12795, 36, FEMALE, TOWN, 18865.3, YES, 1, YES, YES, YES, YES, YES
ID12796, 55, MALE, RURAL, 42817.3, NO, 0, NO, YES, YES, NO, NO
ID12797, 36, FEMALE, RURAL, 24130.4, YES, 2, YES, NO, YES, NO, NO
ID12798, 30, MALE, INNER_CITY, 16606.4, NO, 2, NO, YES, YES, YES, YES
ID12799, 45, FEMALE, INNER_CITY, 18714.2, NO, 2, YES, YES, YES, NO, NO
ID12800, 47, MALE, INNER_CITY, 14556.8, YES, 1, YES, NO, YES, YES, YES
ID12801, 27, FEMALE, TOWN, 47165.7, YES, 2, NO, YES, YES, YES, NO
ID12802, 50, MALE, TOWN, 16745.7, YES, 3, NO, YES, YES, NO, YES
ID12803, 57, MALE, RURAL, 49834.9, YES, 2, YES, YES, YES, NO, NO
ID12804, 55, FEMALE, RURAL, 14166.6, YES, 2, YES, YES, NO, NO, NO
ID12805, 49, MALE, RURAL, 43641.5, YES, 2, NO, NO, YES, NO, NO
ID12806, 57, MALE, INNER_CITY, 19443.5, YES, 1, NO, YES, YES, NO, YES
ID12807, 49, FEMALE, RURAL, 34324.5, YES, 0, YES, YES, YES, YES, NO
ID12808, 59, FEMALE, TOWN, 22004.4, NO, 2, NO, YES, YES, NO, YES
ID12809, 24, MALE, INNER_CITY, 36846.1, YES, 3, YES, NO, NO, YES, NO
ID12810, 47, MALE, TOWN, 47051.4, NO, 3, YES, NO, YES, NO, NO
ID12811, 33, MALE, INNER_CITY, 51003.4, YES, 2, YES, YES, YES, NO, YES
ID12812, 49, MALE, TOWN, 31977.0, YES, 2, YES, YES, YES, NO, YES
ID12813, 59, FEMALE, RURAL, 41901.4, NO, 0, NO, YES, YES, NO, NO
ID12814, 25, FEMALE, TOWN, 31203.8, NO, 1, NO, YES, NO, NO, NO
ID12815, 20, MALE, RURAL, 47835.8, NO, 1, NO, YES, YES, YES, NO
ID12816, 48, FEMALE, INNER_CITY, 39193.4, YES, 3, YES, NO, NO, NO, YES
ID12817, 58, MALE, TOWN, 44717.9, YES, 2, YES, YES, YES, NO, YES
ID12818, 54, FEMALE, INNER_CITY, 32481.6, NO, 0, NO, YES, NO, YES, NO
ID12819, 56, MALE, SUBURBAN, 50186.2, YES, 1, YES, YES, YES, NO, YES
ID12820, 42, FEMALE, INNER_CITY, 46012.7, NO, 1, NO, YES, NO, YES, YES
ID12821, 30, MALE, RURAL, 23065.7, YES, 1, NO, YES, YES, NO, YES
ID12822, 36, FEMALE, TOWN, 23941.5, YES, 3, YES, YES, NO, NO, YES
ID12823, 48, MALE, TOWN, 27739.3, YES, 1, NO, NO, YES, NO, YES
ID12824, 57, MALE, SUBURBAN, 14416.9, NO, 2, YES, YES, YES, NO, NO
ID12825, 24, FEMALE, TOWN, 46403.6, NO, 0, NO, YES, YES, NO, NO
ID12826, 25, MALE, INNER_CITY, 31066.1, YES, 1, YES, YES, YES, NO, NO
ID12827, 36, MALE, INNER_CITY, 30446.1, YES, 1, YES, YES, YES, NO, YES
ID12828, 27, FEMALE, RURAL, 31690.4, YES, 2, NO, NO, YES, NO, NO
ID12829, 38, FEMALE, TOWN, 18689.4, YES, 2, NO, YES, YES, YES, NO
ID12830, 34, MALE, RURAL, 14039.5, NO, 3, YES, YES, YES, NO, NO
ID12831, 48, MALE, INNER_CITY, 21151.7, NO, 0, YES, NO, YES, NO, NO
ID12832, 31, MALE, TOWN, 28367.3, YES, 3, YES, YES, YES, YES, YES
ID12833, 58, FEMALE, SUBURBAN, 42336.7, NO, 1, YES, YES, YES, NO, YES
ID12834, 56, MALE, SUBURBAN, 29536.8, YES, 3, YES, NO, YES, YES, NO
ID12835, 34, MALE, TOWN, 28449.6, NO, 2, NO, YES, YES, NO, YES
ID12836, 27, MALE, INNER_CITY, 25672.3, YES, 3, NO, YES, YES, NO, NO
ID12837, 54, MALE, INNER_CITY, 16425.2, YES, 0, NO, YES, YES, NO, YES
ID12838, 29, MALE, SUBURBAN, 39051.3, YES, 3, NO, YES, YES, NO, NO
ID12839, 40, FEMALE, INNER_CITY, 29204.1, NO, 1, NO, NO, YES, NO, NO
ID12840, 32, FEMALE, SUBURBAN, 37875.8, YES, 1, YES, NO, NO, YES, NO
ID12841, 44, MALE, RURAL, 22256.3, YES, 0, YES, YES, YES, YES, NO
ID12842, 53, FEMALE, INNER_CITY, 48988.2, YES, 0, NO, YES, YES, NO, YES
ID12843, 40, MALE, INNER_CITY, 41212.0, NO, 3, NO, YES, NO, YES, YES
ID12844, 34, FEMALE, RURAL, 18732.2, NO, 3, YES, NO, YES, NO, NO
ID12845, 49, MALE, TOWN, 31291.7, YES, 1, NO, YES, YES, NO, NO
ID12846, 25, FEMALE, RURAL, 29078.2, YES, 1, YES, YES, NO, NO, NO
ID12847, 56, MALE, INNER_CITY, 15115.5, YES, 1, YES, YES, YES, NO, NO
ID12848, 29, FEMALE, INNER_CITY, 41698.1, NO, 1, YES, YES, YES, NO, YES
ID12849, 54, MALE, INNER_CITY, 26630.4, NO, 1, YES, NO, YES, NO, YES
ID12850, 59, MALE, INNER_CITY, 41187.4, YES, 3, NO, YES, NO, YES, YES
ID12851, 43, FEMALE, TOWN, 22939.5, NO, 0, NO, YES, YES, YES, YES
ID12852, 42, MALE, RURAL, 45006.5, YES, 1, YES, NO, NO, NO, NO
ID12853, 25, MALE, TOWN, 20036.4, NO, 0, NO, YES, YES, NO, YES
ID12854, 50, FEMALE, SUBURBAN, 32524.5, NO, 1, YES, YES, YES, NO, NO
ID12855, 54, FEMALE, RURAL, 20455.3, YES, 0, YES, YES, YES, NO, NO
ID12856, 21, MALE, SUBURBAN, 22010.2, YES, 1, NO, NO, YES, NO, YES
ID12857, 56, MALE, RURAL, 35514.9, YES, 2, NO, YES, YES, NO, YES
ID12858, 36, MALE, INNER_CITY, 30989.7, YES, 1, YES, YES, YES, NO, NO
ID12859, 55, FEMALE, INNER_CITY, 14937.8, YES, 1, NO, NO, NO, NO, NO
ID12860, 55, MALE, TOWN, 29806.8, YES, 2, NO, NO, YES, NO, NO
ID12861, 53, MALE, TOWN, 44304.1, YES, 0, YES, NO, YES, NO, NO
ID12862, 26, MALE, TOWN, 16390.0, NO, 1, NO, NO, NO, NO, NO
ID12863, 52, FEMALE, TOWN, 17513.0, NO, 1, NO, NO, YES, YES, YES
ID12864, 59, MALE, TOWN, 40609.8, YES, 0, NO, YES, YES, YES, NO
ID12865, 35, MALE, INNER_CITY, 50006.9, YES, 1, NO, NO, NO, YES, NO
ID12866, 50, FEMALE, INNER_CITY, 36166.3, YES, 1, YES, YES, YES, NO, NO
ID12867, 52, FEMALE, INNER_CITY, 25935.7, YES, 1, NO, NO, YES, NO, NO
ID12868, 51, FEMALE, TOWN, 42663.5, YES, 2, YES, YES, YES, NO, NO
ID12869, 45, FEMALE, INNER_CITY, 48528.7, YES, 2, NO, NO, YES, NO, NO
ID12870, 47, MALE, INNER_CITY, 23205.8, YES, 3, YES, YES, YES, NO, NO
ID12871, 24, MALE, INNER_CITY, 50137.7, YES, 3, YES, YES, YES, NO, YES
ID12872, 54, FEMALE, INNER_CITY, 34379.8, YES, 3, NO, YES, YES, NO, YES
ID12873, 42, FEMALE, INNER_CITY, 45882.4, YES, 1, NO, YES, YES, NO, YES
ID12874, 20, MALE, SUBURBAN, 34566.6, YES, 0, YES, YES, YES, NO, NO
ID12875, 29, FEMALE, INNER_CITY, 37884.3, YES, 2, YES, YES, YES, YES, YES
ID12876, 37, MALE, TOWN, 34713.5, YES, 1, NO, NO, NO, NO, YES
ID12877, 48, FEMALE, INNER_CITY, 49284.9, NO, 0, NO, NO, YES, NO, YES
ID12878, 45, MALE, SUBURBAN, 50464.3, NO, 1, NO, YES, YES, YES, YES
ID12879, 27, FEMALE, INNER_CITY, 27520.1, YES, 3, NO, YES, YES, NO, YES
ID12880, 56, MALE, TOWN, 27658.2, NO, 0, YES, YES, YES, YES, NO
ID12881, 36, FEMALE, INNER_CITY, 45894.6, YES, 0, YES, YES, YES, YES, NO
ID12882, 50, MALE, INNER_CITY, 50856.4, NO, 3, YES, YES, NO, YES, NO
ID12883, 28, MALE, TOWN, 22484.4, NO, 1, YES, YES, YES, YES, YES
ID12884, 28, FEMALE, TOWN, 39862.4, NO, 1, NO, NO, NO, YES, YES
ID12885, 32, MALE, INNER_CITY, 19601.9, NO, 1, NO, NO, YES, NO, YES
ID12886, 34, MALE, INNER_CITY, 48258.1, YES, 0, YES, NO, YES, YES, NO
ID12887, 47, FEMALE, INNER_CITY, 50649.9, YES, 0, NO, NO, YES, NO, NO
ID12888, 56, FEMALE, INNER_CITY, 16111.5, NO, 3, YES, YES, YES, NO, YES
ID12889, 54, MALE, INNER_CITY, 19640.1, YES, 2, YES, YES, NO, NO, NO
ID12890, 44, MALE, INNER_CITY, 20113.9, YES, 2, NO, YES, YES, NO, YES
ID12891, 26, MALE, TOWN, 28062.4, NO, 1, YES, NO, YES, YES, YES
ID12892, 59, FEMALE, TOWN, 33008.7, YES, 2, YES, NO, YES, NO, YES
ID12893, 27, MALE, INNER_CITY, 15835.7, YES, 2, NO, YES, NO, YES, YES
ID12894, 52, MALE, SUBURBAN, 30921.7, YES, 2, NO, NO, YES, YES, YES
ID12895, 21, MALE, TOWN, 27160.1, NO, 1, YES, YES, YES, NO, YES
ID12896, 35, FEMALE, RURAL, 50202.3, YES, 2, NO, NO, YES, YES, NO
ID12897, 52, MALE, INNER_CITY, 39193.7, NO, 2, NO, YES, YES, NO, YES
ID12898, 59, MALE, INNER_CITY, 42507.9, NO, 2, YES, YES, YES, NO, YES
ID12899, 31, FEMALE, TOWN, 22594.8, YES, 2, NO, YES, YES, YES, NO
ID12900, 55, MALE, RURAL, 30702.3, NO, 2, NO, NO, YES, NO, NO
ID12901, 22, MALE, RURAL, 25144.4, YES, 1, YES, NO, YES, NO, NO
ID12902, 31, FEMALE, INNER_CITY, 47343.9, YES, 1, NO, YES, YES, YES, YES
ID12903, 44, FEMALE, INNER_CITY, 33135.1, NO, 1, YES, NO, YES, YES, YES
ID12904, 30, MALE, INNER_CITY, 17771.2, NO, 2, YES, YES, YES, NO, YES
ID12905, 28, FEMALE, SUBURBAN, 33106.7, YES, 2, NO, YES, YES, YES, NO
ID12906, 40, MALE, SUBURBAN, 29219.3, YES, 0, YES, YES, YES, NO, NO
ID12907, 38, FEMALE, SUBURBAN, 19579.2, NO, 3, NO, YES, NO, NO, YES
ID12908, 49, MALE, SUBURBAN, 43027.5, NO, 2, YES, NO, NO, NO, YES
ID12909, 43, FEMALE, SUBURBAN, 24208.6, NO, 1, YES, YES, YES, NO, YES
ID12910, 39, MALE, INNER_CITY, 46383.1, YES, 2, YES, YES, YES, NO, YES
ID12911, 54, FEMALE, INNER_CITY, 30744.1, YES, 0, NO, NO, YES, NO, YES
ID12912, 58, MALE, INNER_CITY, 15497.3, YES, 1, NO, YES, YES, NO, NO
ID12913, 27, MALE, INNER_CITY, 43105.1, NO, 2, NO, YES, YES, NO, NO
ID12914, 46, FEMALE, SUBURBAN, 17122.9, YES, 2, YES, NO, YES, NO, NO
ID12915, 50, MALE, RURAL, 26775.3, YES, 0, YES, YES, YES, YES, NO
ID12916, 44, MALE, INNER_CITY, 44508.2, YES, 2, YES, YES, NO, NO, YES
ID12917, 39, FEMALE, RURAL, 24067.3, YES, 2, YES, YES, YES, NO, NO
ID12918, 23, FEMALE, TOWN, 27600.8, NO, 2, YES, NO, NO, NO, NO
ID12919, 45, MALE, TOWN, 30213.1, YES, 1, NO, YES, YES, NO, YES
ID12920, 42, MALE, INNER_CITY, 27478.5, YES, 2, NO, YES, YES, NO, YES
ID12921, 59, MALE, INNER_CITY, 41662.7, NO, 2, NO, YES, YES, YES, NO
ID12922, 37, FEMALE, INNER_CITY, 24110.8, YES, 2, NO, YES, YES, NO, YES
ID12923, 29, MALE, INNER_CITY, 21154.6, YES, 2, YES, YES, YES, NO, YES
ID12924, 41, MALE, TOWN, 36999.2, YES, 3, YES, YES, YES, NO, YES
ID12925, 39, MALE, RURAL, 24936.6, YES, 0, NO, YES, YES, NO, YES
ID12926, 58, FEMALE, TOWN, 35081.5, NO, 3, YES, NO, YES, YES, YES
ID12927, 29, MALE, INNER_CITY, 17465.1, YES, 2, YES, NO, NO, NO, YES
ID12928, 40, MALE, INNER_CITY, 23539.5, YES, 3, YES, NO, YES, YES, YES
ID12929, 23, FEMALE, RURAL, 18121.7, NO, 1, NO, NO, YES, YES, NO
ID12930, 32, FEMALE, TOWN, 49362.4, YES, 2, NO, NO, YES, YES, YES
ID12931, 31, FEMALE, TOWN, 38367.3, YES, 1, YES, YES, YES, NO, NO
ID12932, 44, FEMALE, TOWN, 15958.6, NO, 1, NO, YES, NO, NO, NO
ID12933, 50, MALE, RURAL, 28550.9, YES, 1, NO, YES, YES, YES, YES
ID12934, 55, MALE, INNER_CITY, 34433.2, NO, 0, YES, YES, YES, NO, YES
ID12935, 57, MALE, TOWN, 17822.8, YES, 3, NO, YES, YES, YES, NO
ID12936, 58, MALE, INNER_CITY, 25593.4, YES, 0, NO, YES, NO, NO, NO
ID12937, 22, MALE, INNER_CITY, 38435.4, YES, 2, YES, YES, YES, NO, NO
ID12938, 35, FEMALE, SUBURBAN, 39458.8, YES, 2, YES, NO, NO, NO, NO
ID12939, 53, MALE, INNER_CITY, 18865.3, YES, 2, YES, YES, YES, NO, YES
ID12940, 42, MALE, INNER_CITY, 42817.3, NO, 3, YES, YES, YES, NO, YES
ID12941, 56, MALE, INNER_CITY, 24130.4, YES, 0, YES, YES, YES, NO, NO
ID12942, 27, FEMALE, RURAL, 16606.4, YES, 0, YES, YES, NO, NO, NO
ID12943, 43, MALE, TOWN, 18714.2, YES, 2, YES, YES, YES, YES, NO
ID12944, 22, MALE, RURAL, 14556.8, YES, 2, YES, NO, NO, NO, NO
ID12945, 53, FEMALE, RURAL, 47165.7, YES, 2, NO, NO, YES, NO, NO
ID12946, 51, FEMALE, TOWN, 16745.7, NO, 1, NO, YES, YES, NO, NO
ID12947, 44, FEMALE, TOWN, 49834.9, YES, 0, YES, NO, YES, NO, NO
ID12948, 47, FEMALE, RURAL, 14166.6, NO, 3, NO, YES, YES, YES, NO
ID12949, 26, MALE, RURAL, 43641.5, NO, 2, YES, YES, YES, YES, YES
ID12950, 40, MALE, INNER_CITY, 19443.5, NO, 1, NO, NO, YES, YES, NO
ID12951, 40, MALE, TOWN, 34324.5, NO, 1, NO, NO, NO, NO, YES
ID12952, 41, MALE, INNER_CITY, 22004.4, YES, 3, NO, YES, YES, YES, NO
ID12953, 40, FEMALE, RURAL, 36846.1, YES, 3, YES, NO, YES, NO, YES
ID12954, 48, FEMALE, INNER_CITY, 47051.4, YES, 1, NO, YES, YES, NO, NO
ID12955, 48, MALE, INNER_CITY, 51003.4, NO, 2, NO, NO, YES, YES, NO
ID12956, 52, FEMALE, TOWN, 31977.0, YES, 1, NO, NO, YES, YES, NO
ID12957, 23, MALE, INNER_CITY, 41901.4, YES, 2, NO, NO, NO, NO, NO
ID12958, 22, FEMALE, SUBURBAN, 31203.8, YES, 1, NO, YES, YES, NO, NO
ID12959, 56, MALE, TOWN, 47835.8, YES, 3, NO, YES, YES, YES, YES
ID12960, 38, FEMALE, INNER_CITY, 39193.4, YES, 3, NO, NO, YES, NO, NO
ID12961, 59, MALE, SUBURBAN, 44717.9, NO, 1, YES, YES, YES, YES, NO
ID12962, 45, FEMALE, INNER_CITY, 32481.6, YES, 0, YES, YES, NO, NO, YES
ID12963, 40, MALE, RURAL, 50186.2, YES, 2, YES, NO, NO, NO, YES
ID12964, 25, MALE, TOWN, 46012.7, NO, 1, YES, YES, YES, NO, YES
ID12965, 56, FEMALE, TOWN, 23065.7, YES, 2, NO, YES, YES, NO, YES
ID12966, 52, MALE, INNER_CITY, 23941.5, NO, 1, YES, NO, YES, NO, NO
ID12967, 22, MALE, SUBURBAN, 27739.3, YES, 1, YES, NO, YES, YES, NO
ID12968, 34, FEMALE, SUBURBAN, 14416.9, YES, 1, NO, YES, YES, YES, YES
ID12969, 58, FEMALE, TOWN, 46403.6, YES, 0, YES, YES, YES, NO, YES
ID12970, 21, MALE, INNER_CITY, 31066.1, NO, 2, NO, YES, YES, NO, NO
ID12971, 47, MALE, INNER_CITY, 30446.1, NO, 2, YES, NO, YES, NO, YES
ID12972, 27, MALE, INNER_CITY, 31690.4, YES, 3, YES, YES, YES, NO, NO
ID12973, 54, FEMALE, TOWN, 18689.4, NO, 3, YES, NO, YES, YES, YES
ID12974, 27, MALE, TOWN, 14039.5, YES, 2, NO, YES, YES, YES, YES
ID12975, 33, MALE, TOWN, 21151.7, YES, 1, YES, YES, YES, NO, YES
ID12976, 31, MALE, RURAL, 28367.3, NO, 2, NO, YES, NO, YES, NO
ID12977, 55, FEMALE, INNER_CITY, 42336.7, YES, 3, NO, NO, YES, YES, YES
ID12978, 41, MALE, TOWN, 29536.8, NO, 1, NO, NO, NO, NO, YES
ID12979, 47, MALE, TOWN, 28449.6, NO, 2, NO, YES, YES, NO, NO
ID12980, 32, MALE, RURAL, 25672.3, YES, 1, YES, YES, NO, NO, YES
ID12981, 47, FEMALE, INNER_CITY, 16425.2, YES, 1, NO, YES, YES, YES, NO
ID12982, 58, FEMALE, RURAL, 39051.3, YES, 0, NO, YES, YES, NO, NO
ID12983, 38, MALE, RURAL, 29204.1, YES, 2, NO, NO, NO, NO, NO
ID12984, 46, FEMALE, INNER_CITY, 37875.8, YES, 1, YES, YES, YES, YES, YES
ID12985, 38, MALE, INNER_CITY, 22256.3, YES, 2, NO, NO, YES, NO, NO
ID12986, 51, FEMALE, TOWN, 48988.2, YES, 3, NO, YES, NO, NO, NO
ID12987, 22, MALE, RURAL, 41212.0, YES, 1, YES, YES, YES, NO, YES
ID12988, 41, FEMALE, TOWN, 18732.2, NO, 1, NO, YES, YES, NO, YES
ID12989, 36, MALE, INNER_CITY, 31291.7, YES, 1, YES, YES, NO, NO, YES
ID12990, 45, FEMALE, INNER_CITY, 29078.2, NO, 1, YES, YES, YES, YES, YES
ID12991, 47, MALE, TOWN, 15115.5, YES, 2, NO, YES, YES, NO, NO
ID12992, 52, MALE, TOWN, 41698.1, YES, 2, NO, YES, NO, YES, NO
ID12993, 42, FEMALE, INNER_CITY, 26630.4, NO, 0, YES, YES, YES, YES, NO
ID12994, 39, MALE, RURAL, 41187.4, NO, 0, YES, YES, YES, YES, NO
ID12995, 31, MALE, INNER_CITY, 22939.5, NO, 0, NO, NO, NO, NO, NO
ID12996, 37, FEMALE, TOWN, 45006.5, YES, 2, YES, NO, YES, NO, NO
ID12997, 41, FEMALE, INNER_CITY, 20036.4, YES, 1, NO, YES, YES, NO, NO
ID12998, 35, MALE, TOWN, 32524.5, NO, 2, YES, YES, YES, YES, NO
ID12999, 60, MALE, TOWN, 20455.3, YES, 2, NO, YES, NO, NO, NO
ID13000, 44, MALE, INNER_CITY, 22010.2, NO, 1, NO, YES, NO, NO, NO
ID13001, 43, FEMALE, INNER_CITY, 35514.9, YES, 1, NO, YES, YES, YES, NO
ID13002, 26, MALE, TOWN, 30989.7, YES, 1, NO, YES, YES, NO, YES
ID13003, 46, MALE, INNER_CITY, 14937.8, YES, 1, NO, NO, YES, NO, NO
ID13004, 54, MALE, INNER_CITY, 29806.8, NO, 0, YES, YES, YES, NO, YES
ID13005, 41, FEMALE, TOWN, 44304.1, NO, 2, YES, YES, YES, NO, YES
ID13006, 42, MALE, INNER_CITY, 16390.0, YES, 1, YES, YES, YES, NO, NO
ID13007, 42, MALE, SUBURBAN, 17513.0, YES, 2, NO, YES, YES, NO, NO
ID13008, 48, FEMALE, SUBURBAN, 40609.8, YES, 0, NO, YES, YES, NO, NO
ID13009, 55, FEMALE, RURAL, 50006.9, YES, 1, NO, YES, YES, NO, YES
ID13010, 49, MALE, TOWN, 36166.3, NO, 2, YES, NO, YES, NO, YES
ID13011, 56, FEMALE, INNER_CITY, 25935.7, NO, 2, YES, YES, YES, NO, NO
ID13012, 29, MALE, TOWN, 42663.5, YES, 1, YES, YES, NO, NO, NO
ID13013, 59, FEMALE, RURAL, 48528.7, NO, 1, YES, YES, YES, YES, NO
ID13014, 60, MALE, INNER_CITY, 23205.8, YES, 2, YES, YES, YES, NO, NO
ID13015, 38, FEMALE, INNER_CITY, 50137.7, NO, 2, NO, YES, YES, YES, YES
ID13016, 24, MALE, TOWN, 34379.8, YES, 2, NO, YES, NO, NO, NO
ID13017, 45, FEMALE, TOWN, 45882.4, YES, 0, YES, YES, YES, YES, NO
ID13018, 45, MALE, TOWN, 34566.6, YES, 2, YES, YES, YES, NO, YES
ID13019, 38, MALE, INNER_CITY, 37884.3, NO, 1, YES, NO, NO, YES, YES
ID13020, 58, FEMALE, INNER_CITY, 34713.5, YES, 1, YES, YES, NO, YES, NO
ID13021, 59, MALE, TOWN, 49284.9, YES, 3, NO, YES, YES, NO, YES
ID13022, 32, MALE, SUBURBAN, 50464.3, YES, 1, NO, YES, YES, NO, NO
ID13023, 59, FEMALE, TOWN, 27520.1, NO, 2, NO, NO, YES, NO, YES
ID13024, 31, FEMALE, SUBURBAN, 27658.2, NO, 2, NO, YES, NO, YES, YES
ID13025, 58, MALE, INNER_CITY, 45894.6, YES, 2, NO, NO, YES, YES, YES
ID13026, 25, MALE, INNER_CITY, 50856.4, YES, 0, NO, YES, NO, YES, YES
ID13027, 50, MALE, TOWN, 22484.4, YES, 1, NO, NO, YES, NO, NO
ID13028, 22, FEMALE, INNER_CITY, 39862.4, NO, 2, YES, YES, YES, NO, YES
ID13029, 21, MALE, RURAL, 19601.9, NO, 0, NO, YES, YES, YES, NO
ID13030, 41, MALE, SUBURBAN, 48258.1, YES, 3, NO, YES, NO, NO, NO
ID13031, 57, MALE, INNER_CITY, 50649.9, NO, 2, NO, YES, YES, NO, NO
ID13032, 26, FEMALE, INNER_CITY, 16111.5, YES, 2, NO, NO, YES, NO, YES
ID13033, 42, MALE, INNER_CITY, 19640.1, NO, 1, NO, YES, NO, YES, YES
ID13034, 47, MALE, TOWN, 20113.9, NO, 0, NO, NO, NO, YES, NO
ID13035, 56, FEMALE, INNER_CITY, 28062.4, YES, 2, YES, YES, NO, YES, NO
ID13036, 39, FEMALE, INNER_CITY, 33008.7, YES, 3, YES, YES, YES, YES, YES
ID13037, 50, FEMALE, RURAL, 15835.7, YES, 3, NO, NO, YES, YES, YES
ID13038, 57, FEMALE, INNER_CITY, 30921.7, YES, 1, NO, YES, YES, NO, NO
ID13039, 26, MALE, INNER_CITY, 27160.1, YES, 2, YES, YES, NO, NO, YES
ID13040, 58, MALE, INNER_CITY, 50202.3, YES, 0, YES, YES, YES, NO, NO
ID13041, 24, MALE, RURAL, 39193.7, YES, 3, NO, YES, YES, NO, NO
ID13042, 32, FEMALE, INNER_CITY, 42507.9, NO, 3, YES, YES, YES, NO, NO
ID13043, 33, FEMALE, SUBURBAN, 22594.8, NO, 3, NO, YES, YES, NO, YES
ID13044, 32, MALE, TOWN, 30702.3, YES, 1, YES, YES, NO, YES, NO
ID13045, 25, FEMALE, INNER_CITY, 25144.4, YES, 1, NO, YES, NO, NO, NO
ID13046, 39, MALE, INNER_CITY, 47343.9, YES, 1, NO, YES, NO, YES, NO
ID13047, 43, FEMALE, INNER_CITY, 33135.1, YES, 3, NO, NO, YES, NO, YES
ID13048, 55, MALE, INNER_CITY, 17771.2, YES, 3, YES, NO, YES, YES, YES
ID13049, 44, FEMALE, INNER_CITY, 33106.7, YES, 3, NO, YES, YES, YES, NO
ID13050, 34, MALE, INNER_CITY, 29219.3, YES, 2, NO, YES, YES, YES, NO
ID13051, 55, FEMALE, INNER_CITY, 19579.2, YES, 1, YES, YES, YES, NO, YES
ID13052, 43, MALE, INNER_CITY, 43027.5, YES, 2, YES, NO, YES, YES, YES
ID13053, 45, MALE, INNER_CITY, 24208.6, YES, 1, NO, YES, YES, YES, YES
ID13054, 22, FEMALE, TOWN, 46383.1, YES, 3, NO, NO, YES, NO, NO
ID13055, 23, MALE, INNER_CITY, 30744.1, NO, 0, NO, YES, YES, NO, YES
ID13056, 57, MALE, TOWN, 15497.3, NO, 1, YES, NO, YES, NO, NO
ID13057, 47, FEMALE, INNER_CITY, 43105.1, NO, 1, YES, YES, NO, NO, YES
ID13058, 54, FEMALE, SUBURBAN, 17122.9, NO, 1, YES, YES, YES, NO, YES
ID13059, 43, MALE, SUBURBAN, 26775.3, YES, 2, NO, YES, YES, YES, NO
ID13060, 29, MALE, INNER_CITY, 44508.2, YES, 2, NO, NO, YES, NO, NO
ID13061, 22, MALE, TOWN, 24067.3, NO, 2, NO, YES, YES, NO, NO
ID13062, 28, MALE, INNER_CITY, 27600.8, YES, 2, YES, YES, NO, NO, YES
ID13063, 37, FEMALE, INNER_CITY, 30213.1, YES, 0, YES, YES, NO, NO, YES
ID13064, 24, FEMALE, INNER_CITY, 27478.5, NO, 1, YES, NO, YES, NO, YES
ID13065, 47, MALE, INNER_CITY, 41662.7, YES, 1, YES, YES, YES, YES, NO
ID13066, 51, FEMALE, INNER_CITY, 24110.8, YES, 2, NO, YES, YES, YES, NO
ID13067, 39, MALE, RURAL, 21154.6, YES, 2, NO, YES, NO, YES, NO
ID13068, 28, FEMALE, RURAL, 36999.2, NO, 2, NO, YES, YES, NO, NO
ID13069, 60, MALE, INNER_CITY, 24936.6, YES, 3, NO, YES, YES, NO, YES
ID13070, 30, FEMALE, TOWN, 35081.5, NO, 2, NO, NO, NO, NO, YES
ID13071, 60, MALE, RURAL, 17465.1, NO, 1, NO, NO, YES, NO, NO
ID13072, 51, FEMALE, INNER_CITY, 23539.5, YES, 1, NO, YES, YES, NO, YES
ID13073, 24, MALE, INNER_CITY, 18121.7, NO, 2, YES, YES, YES, NO, NO
ID13074, 28, MALE, INNER_CITY, 49362.4, YES, 0, NO, NO, NO, YES, YES
ID13075, 35, FEMALE, SUBURBAN, 38367.3, YES, 2, NO, NO, YES, NO, NO
ID13076, 57, MALE, TOWN, 15958.6, NO, 3, NO, NO, YES, YES, YES
ID13077, 31, MALE, RURAL, 17546.0, NO, 1, NO, NO, YES, NO, NO
ID13078, 41, FEMALE, INNER_CITY, 30085.1, YES, 0, YES, YES, YES, NO, YES
ID13079, 20, FEMALE, TOWN, 16575.4, YES, 2, YES, YES, YES, NO, NO
ID13080, 52, MALE, INNER_CITY, 20375.4, NO, 1, NO, NO, YES, NO, NO
ID13081, 39, MALE, RURAL, 50576.3, NO, 3, YES, YES, YES, NO, YES
ID13082, 38, MALE, INNER_CITY, 37869.6, NO, 3, NO, NO, YES, NO, NO
ID13083, 43, FEMALE, RURAL, 8877.07, YES, 1, YES, NO, YES, YES, NO
ID13084, 30, MALE, INNER_CITY, 24946.6, YES, 1, NO, NO, YES, NO, NO
ID13085, 26, MALE, INNER_CITY, 25304.3, YES, 2, YES, NO, NO, NO, YES
ID13086, 40, MALE, INNER_CITY, 24212.1, NO, 1, YES, NO, YES, NO, YES
ID13087, 43, MALE, RURAL, 59803.9, YES, 0, NO, YES, NO, NO, NO
ID13088, 27, MALE, SUBURBAN, 26658.8, YES, 1, NO, YES, YES, NO, NO
ID13089, 23, FEMALE, INNER_CITY, 15735.8, YES, 0, YES, NO, YES, NO, YES
ID13090, 42, FEMALE, RURAL, 55204.7, YES, 1, YES, YES, NO, NO, NO
ID13091, 38, MALE, TOWN, 19474.6, NO, 1, YES, YES, NO, YES, NO
ID13092, 43, FEMALE, TOWN, 22342.1, YES, 2, YES, NO, NO, YES, YES
ID13093, 31, MALE, INNER_CITY, 17729.8, YES, 0, YES, NO, NO, YES, NO
ID13094, 53, FEMALE, TOWN, 41016.0, NO, 1, YES, YES, NO, NO, NO
ID13095, 49, MALE, INNER_CITY, 26909.2, YES, 2, NO, YES, YES, NO, YES
ID13096, 25, FEMALE, TOWN, 22522.8, YES, 1, NO, YES, YES, NO, YES
ID13097, 30, MALE, RURAL, 57880.7, YES, 2, YES, YES, NO, YES, NO
ID13098, 22, FEMALE, INNER_CITY, 16497.3, YES, 1, NO, NO, YES, YES, YES
ID13099, 46, MALE, SUBURBAN, 38446.6, NO, 2, YES, NO, NO, YES, NO
ID13100, 22, MALE, TOWN, 15538.8, YES, 2, YES, NO, YES, NO, NO
ID13101, 45, FEMALE, TOWN, 12640.3, YES, 0, NO, NO, NO, YES, YES
ID13102, 47, MALE, TOWN, 41034.0, NO, 2, NO, YES, YES, NO, YES
ID13103, 33, MALE, SUBURBAN, 20809.7, YES, 2, YES, YES, YES, NO, YES
ID13104, 39, FEMALE, TOWN, 20114.0, YES, 0, NO, YES, YES, NO, YES
ID13105, 37, FEMALE, TOWN, 29359.1, NO, 0, NO, YES, YES, NO, YES
ID13106, 26, MALE, INNER_CITY, 24270.1, YES, 3, YES, NO, NO, NO, YES
ID13107, 39, MALE, INNER_CITY, 22942.9, NO, 0, NO, YES, NO, NO, NO
ID13108, 52, MALE, INNER_CITY, 16325.8, YES, 2, YES, NO, YES, YES, YES
ID13109, 24, FEMALE, TOWN, 23443.2, YES, 2, YES, YES, YES, YES, NO
ID13110, 20, MALE, SUBURBAN, 29921.3, YES, 1, YES, YES, YES, NO, YES
ID13111, 59, MALE, TOWN, 37521.9, YES, 2, YES, NO, YES, NO, YES
ID13112, 41, MALE, TOWN, 19868.0, YES, 3, NO, YES, YES, NO, NO
ID13113, 48, FEMALE, SUBURBAN, 10953.0, NO, 1, NO, YES, YES, YES, NO
ID13114, 51, MALE, INNER_CITY, 13381.0, YES, 2, NO, YES, NO, YES, NO
ID13115, 36, MALE, TOWN, 18504.3, YES, 2, YES, NO, NO, NO, YES
ID13116, 54, FEMALE, INNER_CITY, 25391.5, YES, 2, YES, YES, NO, NO, YES
ID13117, 43, FEMALE, INNER_CITY, 26774.2, YES, 2, NO, YES, YES, YES, NO
ID13118, 28, FEMALE, RURAL, 17546.0, YES, 1, YES, YES, YES, YES, NO
ID13119, 58, FEMALE, SUBURBAN, 30085.1, NO, 1, NO, YES, NO, NO, YES
ID13120, 39, MALE, TOWN, 16575.4, YES, 1, YES, NO, YES, NO, NO
ID13121, 38, MALE, RURAL, 20375.4, NO, 1, YES, YES, YES, NO, NO
ID13122, 28, FEMALE, TOWN, 50576.3, NO, 3, YES, NO, YES, NO, YES
ID13123, 51, FEMALE, INNER_CITY, 37869.6, NO, 1, NO, YES, YES, NO, NO
ID13124, 51, MALE, INNER_CITY, 8877.07, NO, 1, NO, YES, NO, NO, NO
ID13125, 52, FEMALE, INNER_CITY, 24946.6, YES, 1, YES, NO, NO, NO, YES
ID13126, 36, MALE, INNER_CITY, 25304.3, YES, 1, YES, NO, YES, YES, YES
ID13127, 32, FEMALE, INNER_CITY, 24212.1, YES, 2, NO, YES, YES, YES, NO
ID13128, 34, MALE, TOWN, 59803.9, NO, 2, NO, YES, NO, YES, NO
ID13129, 46, FEMALE, INNER_CITY, 26658.8, YES, 1, YES, YES, YES, NO, YES
ID13130, 45, MALE, INNER_CITY, 15735.8, YES, 0, YES, YES, YES, YES, NO
ID13131, 51, FEMALE, INNER_CITY, 55204.7, YES, 0, NO, NO, YES, YES, YES
ID13132, 45, MALE, RURAL, 19474.6, YES, 1, YES, YES, NO, NO, NO
ID13133, 29, MALE, INNER_CITY, 22342.1, YES, 2, YES, YES, YES, YES, NO
ID13134, 37, FEMALE, INNER_CITY, 17729.8, NO, 3, YES, NO, NO, YES, YES
ID13135, 33, MALE, RURAL, 41016.0, YES, 1, YES, YES, NO, YES, YES
ID13136, 55, MALE, TOWN, 26909.2, YES, 2, NO, NO, YES, NO, NO
ID13137, 31, FEMALE, TOWN, 22522.8, NO, 2, YES, NO, YES, NO, NO
ID13138, 54, FEMALE, TOWN, 57880.7, YES, 2, NO, YES, NO, YES, YES
ID13139, 24, MALE, RURAL, 16497.3, NO, 0, YES, YES, YES, NO, NO
ID13140, 21, MALE, RURAL, 38446.6, YES, 0, YES, YES, YES, NO, NO
ID13141, 20, MALE, INNER_CITY, 15538.8, YES, 2, YES, NO, YES, YES, YES
ID13142, 45, FEMALE, INNER_CITY, 12640.3, YES, 2, NO, YES, YES, NO, YES
ID13143, 30, MALE, INNER_CITY, 41034.0, NO, 2, YES, YES, YES, NO, NO
ID13144, 56, MALE, TOWN, 20809.7, NO, 1, NO, YES, YES, NO, NO
ID13145, 45, MALE, TOWN, 20114.0, YES, 2, NO, NO, YES, NO, YES
ID13146, 50, FEMALE, RURAL, 29359.1, NO, 2, YES, YES, NO, NO, YES
ID13147, 50, MALE, RURAL, 24270.1, YES, 2, YES, YES, YES, NO, YES
ID13148, 48, MALE, RURAL, 22942.9, YES, 2, YES, NO, NO, NO, NO
ID13149, 30, FEMALE, INNER_CITY, 16325.8, NO, 3, YES, YES, NO, YES, NO
ID13150, 46, MALE, RURAL, 23443.2, YES, 1, NO, NO, YES, NO, YES
ID13151, 28, MALE, TOWN, 29921.3, NO, 2, YES, YES, YES, YES, NO
ID13152, 21, FEMALE, INNER_CITY, 37521.9, NO, 1, NO, YES, YES, YES, NO
ID13153, 58, FEMALE, TOWN, 19868.0, YES, 2, YES, YES, YES, NO, NO
ID13154, 42, MALE, INNER_CITY, 10953.0, YES, 2, YES, YES, YES, YES, NO
ID13155, 54, FEMALE, TOWN, 13381.0, YES, 2, NO, YES, YES, NO, NO
ID13156, 59, MALE, RURAL, 18504.3, YES, 3, NO, YES, YES, NO, NO
ID13157, 33, FEMALE, TOWN, 25391.5, YES, 1, NO, YES, YES, NO, YES
ID13158, 54, MALE, RURAL, 26774.2, YES, 2, YES, NO, YES, YES, YES
ID13159, 23, FEMALE, INNER_CITY, 24130.4, YES, 2, YES, YES, NO, YES, NO
ID13160, 36, MALE, TOWN, 16606.4, YES, 2, YES, NO, YES, YES, YES
ID13161, 44, FEMALE, INNER_CITY, 18714.2, NO, 1, YES, NO, YES, NO, NO
ID13162, 36, MALE, SUBURBAN, 14556.8, YES, 1, YES, YES, YES, NO, YES
ID13163, 44, MALE, INNER_CITY, 47165.7, NO, 2, YES, YES, YES, YES, NO
ID13164, 48, FEMALE, RURAL, 16745.7, YES, 2, NO, NO, YES, NO, NO
ID13165, 20, MALE, TOWN, 49834.9, YES, 2, NO, YES, YES, NO, YES
ID13166, 30, MALE, TOWN, 14166.6, NO, 1, NO, NO, YES, NO, YES
ID13167, 49, FEMALE, SUBURBAN, 43641.5, NO, 2, YES, YES, YES, NO, NO
ID13168, 57, FEMALE, TOWN, 19443.5, NO, 2, NO, YES, YES, YES, NO
ID13169, 40, MALE, INNER_CITY, 34324.5, YES, 2, YES, YES, YES, NO, NO
ID13170, 24, MALE, INNER_CITY, 22004.4, YES, 2, YES, YES, NO, NO, NO
ID13171, 29, MALE, RURAL, 36846.1, NO, 2, NO, YES, YES, NO, YES
ID13172, 33, FEMALE, TOWN, 47051.4, YES, 2, YES, YES, YES, YES, YES
ID13173, 21, MALE, RURAL, 51003.4, NO, 1, NO, YES, YES, YES, NO
ID13174, 51, MALE, INNER_CITY, 31977.0, YES, 1, NO, NO, YES, NO, YES
ID13175, 32, MALE, TOWN, 41901.4, YES, 1, NO, YES, YES, YES, NO
ID13176, 31, FEMALE, SUBURBAN, 31203.8, YES, 3, NO, YES, YES, YES, NO
ID13177, 41, MALE, SUBURBAN, 47835.8, NO, 2, YES, YES, YES, NO, YES
ID13178, 41, MALE, TOWN, 39193.4, NO, 0, NO, NO, YES, YES, NO
ID13179, 54, FEMALE, INNER_CITY, 44717.9, YES, 1, YES, YES, YES, NO, YES
ID13180, 46, FEMALE, INNER_CITY, 32481.6, YES, 1, NO, YES, YES, YES, NO
ID13181, 51, FEMALE, SUBURBAN, 50186.2, YES, 2, YES, YES, NO, NO, NO
ID13182, 33, FEMALE, INNER_CITY, 46012.7, YES, 3, YES, YES, YES, NO, YES
ID13183, 32, MALE, SUBURBAN, 23065.7, NO, 0, YES, YES, YES, YES, NO
ID13184, 24, MALE, RURAL, 23941.5, NO, 1, NO, YES, NO, YES, NO
ID13185, 32, FEMALE, INNER_CITY, 27739.3, YES, 1, NO, NO, YES, NO, YES
ID13186, 47, MALE, INNER_CITY, 14416.9, NO, 2, NO, YES, NO, NO, NO
ID13187, 29, MALE, RURAL, 46403.6, YES, 2, NO, YES, NO, NO, YES
ID13188, 41, FEMALE, TOWN, 31066.1, NO, 1, YES, YES, NO, YES, YES
ID13189, 47, MALE, RURAL, 30446.1, YES, 1, YES, YES, YES, NO, YES
ID13190, 32, MALE, INNER_CITY, 31690.4, YES, 2, YES, YES, NO, YES, YES
ID13191, 37, FEMALE, INNER_CITY, 18689.4, YES, 3, NO, YES, YES, NO, YES
ID13192, 26, FEMALE, INNER_CITY, 14039.5, NO, 2, NO, YES, YES, NO, NO
ID13193, 22, MALE, INNER_CITY, 21151.7, YES, 1, NO, NO, NO, YES, YES
ID13194, 38, MALE, TOWN, 28367.3, YES, 1, YES, YES, YES, YES, YES
ID13195, 24, MALE, RURAL, 42336.7, YES, 2, NO, YES, YES, NO, YES
ID13196, 21, FEMALE, TOWN, 29536.8, NO, 1, NO, YES, YES, YES, NO
ID13197, 26, MALE, SUBURBAN, 28449.6, NO, 2, YES, NO, YES, NO, YES
ID13198, 32, MALE, RURAL, 25672.3, YES, 2, YES, YES, NO, NO, NO
ID13199, 35, MALE, SUBURBAN, 16425.2, YES, 0, YES, NO, YES, NO, YES
ID13200, 36, FEMALE, RURAL, 39051.3, YES, 3, YES, NO, NO, NO, NO
ID13201, 45, MALE, INNER_CITY, 29204.1, NO, 2, YES, YES, YES, YES, NO
ID13202, 39, MALE, INNER_CITY, 37875.8, NO, 2, YES, YES, YES, NO, YES
ID13203, 42, FEMALE, TOWN, 22256.3, YES, 1, YES, YES, YES, NO, NO
ID13204, 45, FEMALE, TOWN, 48988.2, NO, 1, NO, NO, NO, YES, YES
ID13205, 23, FEMALE, TOWN, 41212.0, YES, 0, YES, YES, YES, NO, YES
ID13206, 47, FEMALE, TOWN, 18732.2, NO, 0, NO, YES, YES, YES, YES
ID13207, 21, FEMALE, TOWN, 31291.7, NO, 0, YES, YES, YES, NO, YES
ID13208, 34, MALE, INNER_CITY, 29078.2, YES, 2, NO, YES, NO, NO, NO
ID13209, 27, MALE, INNER_CITY, 15115.5, YES, 2, NO, YES, YES, NO, NO
ID13210, 49, FEMALE, INNER_CITY, 41698.1, YES, 1, YES, YES, YES, YES, NO
ID13211, 25, MALE, TOWN, 26630.4, YES, 2, NO, YES, YES, NO, NO
ID13212, 27, MALE, INNER_CITY, 41187.4, YES, 1, YES, YES, NO, NO, YES
ID13213, 35, FEMALE, INNER_CITY, 22939.5, YES, 1, NO, YES, YES, NO, YES
ID13214, 41, FEMALE, INNER_CITY, 45006.5, YES, 2, NO, YES, NO, NO, YES
ID13215, 34, MALE, INNER_CITY, 20036.4, NO, 2, NO, YES, NO, YES, YES
ID13216, 52, MALE, INNER_CITY, 32524.5, NO, 1, NO, NO, YES, NO, NO
ID13217, 28, MALE, SUBURBAN, 20455.3, YES, 1, YES, YES, YES, YES, NO
ID13218, 43, FEMALE, INNER_CITY, 22010.2, YES, 1, YES, NO, YES, NO, YES
ID13219, 36, MALE, TOWN, 35514.9, YES, 2, YES, YES, YES, NO, NO
ID13220, 33, MALE, INNER_CITY, 30989.7, YES, 1, NO, YES, YES, YES, NO
ID13221, 48, MALE, SUBURBAN, 14937.8, YES, 1, YES, YES, NO, YES, NO
ID13222, 50, FEMALE, INNER_CITY, 29806.8, NO, 0, YES, YES, YES, YES, YES
ID13223, 45, MALE, TOWN, 44304.1, NO, 0, NO, NO, YES, NO, YES
ID13224, 46, MALE, INNER_CITY, 16390.0, NO, 3, NO, YES, NO, YES, NO
ID13225, 57, FEMALE, INNER_CITY, 17513.0, NO, 1, NO, YES, YES, YES, NO
ID13226, 57, FEMALE, TOWN, 40609.8, YES, 2, NO, NO, YES, NO, NO
ID13227, 36, FEMALE, TOWN, 50006.9, YES, 0, YES, YES, YES, NO, NO
ID13228, 36, MALE, INNER_CITY, 36166.3, NO, 2, NO, YES, YES, NO, YES
ID13229, 40, MALE, INNER_CITY, 25935.7, YES, 0, YES, NO, NO, NO, YES
ID13230, 43, FEMALE, INNER_CITY, 42663.5, YES, 2, NO, YES, YES, NO, YES
ID13231, 51, MALE, INNER_CITY, 48528.7, NO, 2, YES, NO, YES, YES, YES
ID13232, 55, MALE, INNER_CITY, 23205.8, YES, 0, YES, YES, YES, YES, NO
ID13233, 36, FEMALE, INNER_CITY, 50137.7, YES, 0, NO, NO, YES, NO, NO
ID13234, 55, FEMALE, TOWN, 34379.8, YES, 2, NO, YES, YES, NO, YES
ID13235, 43, MALE, TOWN, 45882.4, NO, 0, NO, YES, YES, NO, YES
ID13236, 31, MALE, INNER_CITY, 34566.6, YES, 2, NO, YES, YES, NO, NO
ID13237, 30, MALE, SUBURBAN, 37884.3, NO, 1, NO, YES, YES, YES, YES
ID13238, 24, FEMALE, TOWN, 34713.5, NO, 1, YES, YES, NO, YES, YES
ID13239, 22, MALE, RURAL, 49284.9, YES, 2, NO, YES, YES, NO, YES
ID13240, 25, MALE, INNER_CITY, 50464.3, NO, 2, YES, YES, YES, NO, NO
ID13241, 40, MALE, INNER_CITY, 27520.1, YES, 2, YES, YES, NO, YES, YES
ID13242, 39, FEMALE, TOWN, 27658.2, YES, 3, YES, YES, YES, NO, YES
ID13243, 27, MALE, RURAL, 45894.6, NO, 2, NO, NO, YES, YES, YES
ID13244, 43, FEMALE, RURAL, 50856.4, NO, 2, YES, NO, NO, YES, YES
ID13245, 48, MALE, INNER_CITY, 22484.4, YES, 2, YES, YES, YES, NO, NO
ID13246, 42, MALE, INNER_CITY, 39862.4, YES, 2, YES, YES, YES, NO, YES
ID13247, 36, FEMALE, INNER_CITY, 19601.9, NO, 1, YES, YES, YES, YES, YES
ID13248, 32, MALE, SUBURBAN, 48258.1, NO, 3, YES, NO, YES, NO, NO
ID13249, 41, MALE, SUBURBAN, 50649.9, NO, 2, NO, NO, NO, NO, NO
ID13250, 51, FEMALE, SUBURBAN, 16111.5, YES, 2, YES, YES, YES, NO, NO
ID13251, 50, FEMALE, SUBURBAN, 19640.1, YES, 2, YES, NO, NO, YES, NO
ID13252, 40, MALE, SUBURBAN, 20113.9, YES, 1, YES, YES, YES, NO, NO
ID13253, 36, MALE, INNER_CITY, 28062.4, NO, 3, YES, YES, YES, NO, NO
ID13254, 31, MALE, INNER_CITY, 33008.7, YES, 3, YES, YES, YES, YES, YES
ID13255, 40, FEMALE, INNER_CITY, 15835.7, YES, 1, NO, NO, YES, NO, NO
ID13256, 20, MALE, INNER_CITY, 30921.7, YES, 2, NO, YES, YES, NO, NO
ID13257, 27, MALE, SUBURBAN, 27160.1, YES, 2, NO, NO, YES, YES, YES
ID13258, 24, MALE, RURAL, 50202.3, NO, 1, NO, YES, YES, NO, YES
ID13259, 58, FEMALE, INNER_CITY, 39193.7, YES, 2, NO, NO, YES, YES, YES
ID13260, 43, MALE, RURAL, 42507.9, YES, 3, NO, YES, YES, NO, NO
ID13261, 50, MALE, TOWN, 22594.8, NO, 2, NO, NO, YES, YES, YES
ID13262, 35, FEMALE, TOWN, 30702.3, YES, 3, YES, NO, YES, YES, YES
ID13263, 42, FEMALE, INNER_CITY, 25144.4, YES, 3, YES, YES, NO, NO, NO
ID13264, 42, FEMALE, INNER_CITY, 47343.9, YES, 0, NO, NO, YES, YES, NO
ID13265, 42, FEMALE, INNER_CITY, 33135.1, YES, 2, YES, YES, YES, NO, NO
ID13266, 53, MALE, INNER_CITY, 17771.2, NO, 1, YES, YES, YES, NO, NO
ID13267, 35, FEMALE, TOWN, 33106.7, YES, 1, YES, YES, YES, YES, YES
ID13268, 45, MALE, RURAL, 29219.3, YES, 3, YES, NO, YES, NO, NO
ID13269, 57, MALE, TOWN, 19579.2, NO, 2, NO, NO, NO, NO, NO
ID13270, 21, FEMALE, INNER_CITY, 43027.5, YES, 1, NO, YES, YES, NO, YES
ID13271, 42, MALE, INNER_CITY, 24208.6, YES, 0, YES, YES, YES, NO, NO
ID13272, 42, MALE, RURAL, 46383.1, NO, 1, YES, YES, YES, NO, NO
ID13273, 38, FEMALE, TOWN, 30744.1, YES, 3, NO, YES, YES, YES, NO
ID13274, 54, FEMALE, TOWN, 15497.3, NO, 1, YES, YES, YES, NO, YES
ID13275, 48, MALE, TOWN, 43105.1, YES, 3, YES, YES, NO, NO, YES
ID13276, 44, MALE, RURAL, 17122.9, YES, 1, NO, YES, YES, YES, NO
ID13277, 21, MALE, INNER_CITY, 26775.3, YES, 3, YES, NO, NO, NO, NO
ID13278, 33, FEMALE, TOWN, 44508.2, YES, 3, YES, YES, NO, YES, YES
ID13279, 56, MALE, INNER_CITY, 24067.3, YES, 1, YES, NO, YES, YES, NO
ID13280, 27, MALE, INNER_CITY, 27600.8, NO, 2, NO, YES, NO, NO, NO
ID13281, 48, MALE, SUBURBAN, 30213.1, YES, 0, YES, YES, YES, NO, NO
ID13282, 42, FEMALE, INNER_CITY, 27478.5, YES, 0, NO, YES, YES, YES, YES
ID13283, 22, MALE, INNER_CITY, 41662.7, YES, 2, YES, YES, YES, NO, NO
ID13284, 48, MALE, INNER_CITY, 24110.8, YES, 3, NO, NO, YES, NO, YES
ID13285, 58, FEMALE, RURAL, 21154.6, YES, 3, YES, YES, NO, NO, YES
ID13286, 35, FEMALE, TOWN, 36999.2, NO, 1, NO, YES, YES, NO, NO
ID13287, 50, FEMALE, RURAL, 24936.6, YES, 1, YES, YES, YES, NO, NO
ID13288, 47, FEMALE, RURAL, 35081.5, NO, 1, NO, NO, NO, NO, NO
ID13289, 50, MALE, TOWN, 17465.1, NO, 1, NO, YES, YES, YES, YES
ID13290, 35, MALE, TOWN, 23539.5, NO, 3, NO, YES, YES, NO, NO
ID13291, 55, FEMALE, RURAL, 18121.7, NO, 2, YES, YES, YES, NO, NO
ID13292, 58, FEMALE, RURAL, 49362.4, YES, 3, NO, NO, YES, NO, YES
ID13293, 51, FEMALE, INNER_CITY, 38367.3, YES, 0, YES, YES, NO, NO, YES
ID13294, 43, FEMALE, TOWN, 15958.6, YES, 0, NO, NO, YES, NO, NO
ID13295, 42, MALE, INNER_CITY, 41194.7, NO, 1, YES, YES, NO, NO, NO
ID13296, 28, MALE, RURAL, 49803.6, YES, 2, NO, NO, NO, YES, NO
ID13297, 49, FEMALE, INNER_CITY, 14336.7, YES, 1, NO, YES, YES, YES, YES
